@andrewbranch/untar.js,MIT,1.0.0,1.0.1,1.0.2,1.0.3
acorn,MIT,0.0.1,0.1.0,0.2.0,0.3.0,0.3.1,0.4.0,0.4.2,0.5.0,0.6.0,0.7.0,0.8.0,0.9.0,0.10.0,0.11.0,0.12.0,1.0.0,1.0.1,1.0.3,1.1.0
acorn-jsx,MIT,0.6.1,1.0.0,1.0.1,1.0.2,1.0.3,2.0.0,2.0.1,3.0.0,3.0.1
adm-zip,MIT,0.1.1,0.1.2,0.1.3,0.1.4,0.1.5,0.1.6,0.1.7,0.1.8,0.1.9,0.2.0,0.2.1,0.4.3,0.4.4,0.4.5,0.4.6,0.4.7
amqplib,MPL-2.0,0.0.1
angular,MIT,0.0.1-1,0.0.1-2,0.0.1,0.0.2,0.0.3,0.0.4
angular-ui-router,MIT,0.2.7,0.2.8,0.2.10,0.2.11,0.2.13,0.2.14,0.2.15,0.2.16,0.2.17,0.2.18,0.3.0,0.3.1,0.3.2,0.4.0,0.4.1,0.4.2,0.4.3
archiver,MIT,0.1.0,0.1.1,0.2.0,0.2.1,0.2.2,0.3.0,0.4.0,0.4.1,0.4.2,0.4.3,0.4.4,0.4.5,0.4.6,0.4.7,0.4.8,0.4.9,0.4.10,0.5.0-alpha,0.5.0,0.5.1,0.5.2,0.6.0,0.6.1,0.7.0,0.7.1,0.8.0,0.8.1,0.9.0,0.9.1,0.10.0-alpha,0.10.0,0.10.1,0.11.0-alpha,0.11.0,0.12.0,0.13.0,0.13.1,0.14.0,0.14.1,0.14.2,0.14.3
argparse,MIT,0.1.0,0.1.1,0.1.2,0.1.3,0.1.4,0.1.5,0.1.6,0.1.7,0.1.8,0.1.9,0.1.10,0.1.11,0.1.12,0.1.13,0.1.14,0.1.15
async,MIT,0.1.0,0.1.1,0.1.2,0.1.3,0.1.4,0.1.5,0.1.6,0.1.7,0.1.8,0.1.9,0.1.10,0.1.11,0.1.12,0.1.13,0.1.14,0.1.15,0.1.16,0.1.17,0.1.18,0.1.19,0.1.20,0.1.21,0.1.22,0.2.0,0.2.1,0.2.2,0.2.3,0.2.4,0.2.5,0.2.6,0.2.7,0.2.8,0.2.9,0.2.10,0.3.0,0.4.0,0.4.1,0.5.0,0.6.0,0.6.1,0.6.2,0.7.0,0.8.0,0.9.0,0.9.2
atob,Apache-2.0,1.1.0,1.1.2
atomically,MIT,1.0.0,1.1.0,1.2.0,1.3.0,1.3.1,1.3.2,1.4.0,1.5.0,1.6.0,1.7.0,2.0.0,2.0.1,2.0.2,2.0.3
autoprefixer,LGPL-3.0,0.1.20130409,0.2.20130413,0.3.20130423,0.3.20130424,0.3.20130427,0.3.20130502,0.4.20130507,0.4.20130515,0.4.20130521,0.4.20130524,0.4.20130528,0.4.20130530,0.4.20130603,0.5.20130615,0.5.20130616,0.5.20130617,0.5.20130625,0.5.20130626,0.5.20130629,0.6.20130716,0.6.20130721,0.6.20130728,0.6.20130729,0.6.20130730,0.6.20130731,0.7.20130805,0.7.20130806,0.7.20130807,0.7.20130808,0.7.20130810,0.7.20130824,0.8.20130902,0.8.20130903,0.8.20130906,0.8.20130911,0.8.20130919,0.8.20130923,0.8.20131001,0.8.20131006,0.8.20131007,0.8.20131009,0.8.20131015,0.8.20131017,0.8.20131020,0.8.20131029,0.8.20131104,0.8.20131209,0.8.20131213
aws-sdk,Apache-2.0,0.9.0-pre.1,0.9.1-pre.2,0.9.2-pre.3,0.9.3-pre.4,0.9.4-pre.5,0.9.5-pre.6,0.9.6-pre.7,0.9.7-pre.8,0.9.8-pre.9,0.9.9-pre.10,1.0.0,1.1.0,1.2.0,1.3.0,1.3.1,1.3.2,1.4.0,1.4.1,1.5.0,1.5.1,1.5.2,1.6.0,1.7.0,1.7.1,1.8.0,1.8.1,1.9.0,1.10.0,1.12.0,1.13.0,1.14.0,1.15.0,1.16.0,1.17.0,1.17.1,1.17.2,1.17.3,1.18.0,2.0.0-rc1,2.0.0-rc2,2.0.0-rc3,2.0.0-rc4,2.0.0-rc5,2.0.0-rc6,2.0.0-rc7,2.0.0-rc8,2.0.0-rc9,2.0.0-rc10,2.0.0-rc11,2.0.0-rc12,2.0.0-rc13,2.0.0-rc.14,2.0.0-rc.15,2.0.0-rc.16,2.0.0-rc.17,2.0.0-rc.18,2.0.0-rc.19,2.0.0-rc.20,2.0.1,2.0.2,2.0.3,2.0.4,2.0.5,2.0.6,2.0.7,2.0.8,2.0.9,2.0.10,2.0.11,2.0.12,2.0.13,2.0.14,2.0.15,2.0.16,2.0.17,2.0.18,2.0.19,2.0.21,2.0.22,2.0.23,2.0.24,2.0.25,2.0.26,2.0.27,2.0.28,2.0.29,2.0.30,2.0.31,2.1.0,2.1.1,2.1.2,2.1.3,2.1.4,2.1.5,2.1.6,2.1.7,2.1.8,2.1.9,2.1.10,2.1.11,2.1.12,2.1.13,2.1.14,2.1.15,2.1.16,2.1.17,2.1.18,2.1.19,2.1.20,2.1.21,2.1.22,2.1.23,2.1.24,2.1.25,2.1.26,2.1.27,2.1.28,2.1.29
azure-storage,Apache-2.0,0.1.0,0.2.0,0.2.1,0.3.0,0.3.1,0.3.2,0.3.3,0.4.0,0.4.1,0.4.2,0.4.3,0.4.4
babel-plugin-lodash,WTFPL,0.1.0,0.1.1,0.1.2,0.1.3
base-64,MIT,0.1.0
bcrypt,MIT,0.1.2,0.1.3,0.2.0,0.2.1,0.2.2,0.2.3,0.2.4,0.3.0,0.3.1,0.3.2,0.4.0,0.4.1,0.5.0,0.6.0,0.7.0,0.7.1,0.7.2,0.7.3,0.7.4,0.7.5,0.7.6,0.7.7,0.7.8,0.8.0,0.8.1,0.8.2,0.8.3
bootstrap-sass,Apache-2.0,2.3.2
bower,MIT,0.1.0,0.1.2,0.1.3,0.2.0,0.3.0,0.3.1,0.3.2,0.4.0,0.5.0,0.5.1,0.6.0,0.6.1,0.6.2,0.6.3,0.6.4,0.6.5,0.6.6,0.6.7,0.6.8,0.7.0,0.7.1,0.8.0,0.8.1,0.8.2,0.8.3,0.8.4,0.8.5,0.8.6,0.9.0,0.9.1,0.9.2,0.10.0,1.0.0,1.0.1,1.0.2,1.0.3,1.1.0,1.1.1,1.1.2,1.2.0,1.2.1,1.2.2,1.2.3,1.2.4,1.2.5,1.2.6,1.2.7,1.2.8,1.3.0,1.3.1,1.3.2,1.3.3,1.3.4,1.3.5,1.3.6,1.3.7,1.3.8,1.3.9,1.3.10,1.3.11,1.3.12,1.4.0,1.4.1,1.4.2
browser-sync,Apache-2.0,1.8.2,1.8.3,1.9.0,1.9.1,1.9.2,2.0.0-rc1,2.0.0-rc2,2.0.0-rc3,2.0.0-rc4,2.0.0-rc5,2.0.0-rc6,2.0.0-rc7,2.0.0-rc8,2.0.0-rc9,2.0.0-rc10,2.0.0,2.0.1,2.1.0,2.1.1,2.1.2,2.1.3,2.1.4,2.1.6,2.2.0,2.2.1,2.2.2,2.2.3,2.2.4,2.2.5,2.3.0,2.3.1,2.3.2,2.4.0,2.4.1,2.5.0,2.5.1,2.5.2,2.5.3,2.6.0,2.6.1,2.6.2,2.6.3,2.6.4,2.6.5,2.6.6,2.6.7,2.6.8,2.6.9,2.6.10,2.6.11,2.7.0,2.7.1
browser-sync,MIT,0.1.0,0.1.1,0.1.3,0.1.5,0.1.6,0.1.7,0.1.8,0.1.9,0.1.10,0.2.0,0.2.1,0.3.0,0.3.1,0.3.2,0.3.3,0.3.4,0.3.5,0.3.6,0.3.7,0.3.8,0.3.10,0.4.0,0.4.1,0.4.2,0.4.3,0.4.4,0.4.5,0.4.6,0.4.7,0.4.8,0.4.9,0.4.10,0.4.11,0.4.12,0.4.21,0.5.0,0.5.1,0.5.2,0.5.3,0.5.4,0.5.5,0.5.6,0.5.7,0.5.8,0.5.9,0.6.0,0.6.1,0.6.2,0.7.0,0.7.1,0.7.2,0.7.3,0.7.4,0.7.5,0.7.7,0.8.0,0.8.1,0.8.2
browserify,MIT,0.0.1,0.0.2,0.0.3,0.0.4,0.0.5,0.1.0,0.1.1,0.1.2,0.1.3,0.1.4,0.1.5,0.2.0,0.2.1,0.2.2,0.2.3,0.2.4,0.2.5,0.2.6,0.2.7,0.2.8,0.2.9,0.2.10,0.2.11,0.3.0,0.3.1,0.3.2,0.3.3,0.3.4,0.3.5,0.3.6,0.3.7,0.4.0,0.4.1,0.4.2,0.4.3,0.4.4,0.4.5,0.4.6,0.4.7,0.4.8,0.4.9,0.4.10,0.4.11,0.4.12,0.4.13,0.4.14,0.4.15,0.5.0,0.5.1,0.5.2,1.0.0,1.1.0,1.1.1,1.1.2,1.1.3,1.1.4,1.2.0,1.2.1,1.2.2,1.2.3,1.2.4,1.2.5,1.2.6,1.2.7,1.2.8,1.2.9,1.3.0,1.4.0,1.4.1,1.4.2,1.4.3,1.4.4,1.4.5,1.4.6,1.4.7,1.4.8,1.5.0,1.6.0,1.6.1,1.7.0,1.7.1,1.7.2,1.7.3,1.7.4,1.7.5,1.7.6,1.7.7,1.8.0,1.8.1,1.8.2,1.8.3,1.9.0,1.9.1,1.9.2,1.9.3,1.9.4,1.10.0,1.10.1,1.10.2,1.10.3,1.10.4,1.10.5,1.10.6,1.10.7,1.10.8,1.10.9,1.10.11,1.10.12,1.10.13,1.10.14,1.10.15,1.10.16,1.10.17,1.11.0,1.11.1,1.12.0,1.12.1,1.12.2,1.12.3,1.13.0,1.13.1,1.13.2,1.13.3,1.13.4,1.13.5,1.13.6,1.13.8,1.13.9,1.13.10,1.14.0,1.14.1,1.14.2,1.14.3,1.14.4,1.14.5,1.15.0,1.15.1,1.15.2,1.15.3,1.15.4,1.15.5,1.15.6,1.16.0,1.16.1,1.16.2,1.16.3,1.16.4,1.16.5,1.16.6,1.16.7,1.16.8,1.17.0,1.17.1,1.17.2,1.17.3,1.18.0
bson,Apache-2.0,0.0.4,0.0.5,0.0.6,0.0.7,0.0.8,0.0.9,0.1.0,0.1.1,0.1.3,0.1.4,0.1.5,0.1.6,0.1.7,0.1.8,0.1.9,0.2.0,0.2.1,0.2.2,0.2.3,0.2.4,0.2.5,0.2.6,0.2.7,0.2.8,0.2.9,0.2.10,0.2.11,0.2.12,0.2.13,0.2.14,0.2.15,0.2.16,0.2.17,0.2.18,0.2.19,0.2.20,0.2.21,0.2.22,0.3.0,0.3.1,0.3.2,0.4.0,0.4.1,0.4.2,0.4.3,0.4.4,0.4.5
btoa,Apache-2.0,1.1.0,1.1.1,1.1.2
busboy,MIT,0.0.1,0.0.2,0.0.3,0.0.4,0.0.5,0.0.6,0.0.7,0.0.8,0.0.9,0.0.10,0.0.11,0.0.12,0.0.13,0.0.14,0.0.15,0.1.0,0.1.1,0.2.0,0.2.1,0.2.2,0.2.3,0.2.4,0.2.5,0.2.6,0.2.7,0.2.8,0.2.9,0.2.10,0.2.11,0.2.12,0.2.13,0.2.14,0.3.0
bytes,MIT,1.0.0
chance,MIT,0.1.0,0.1.1,0.2.0,0.2.1,0.3.0,0.3.1,0.3.3,0.4.0,0.4.2,0.4.3,0.5.0,0.5.1,0.5.2,0.5.3,0.5.4,0.5.5,0.5.6,0.5.7,0.5.8,0.5.9,0.6.0,0.6.1,0.6.2,0.6.3,0.6.4,0.7.0,0.7.1,0.7.2,0.7.3
chokidar,MIT,0.1.1,0.2.0,0.2.1,0.2.2,0.2.3,0.2.4,0.2.5,0.2.6,0.3.0,0.4.0,0.5.0,0.5.1,0.5.2,0.5.3,0.6.0,0.6.1,0.6.2,0.6.3,0.7.0,0.7.1,0.8.0,0.8.1,0.8.2,0.8.3,0.8.4,0.9.0,0.10.0,0.10.1,0.10.2,0.10.3,0.10.4,0.10.5,0.10.6,0.10.7,0.10.8,0.10.9,0.11.0,0.11.1,0.12.0,0.12.1,0.12.2,0.12.3,0.12.4,0.12.5,0.12.6,1.0.0-rc1,1.0.0-rc1.1,1.0.0-rc2,1.0.0-rc3,1.0.0-rc4,1.0.0-rc5,1.0.0,1.0.1
cli,MIT,0.1.0,0.1.1,0.1.3,0.1.4,0.1.5,0.1.6,0.1.7,0.1.8,0.1.9,0.2.0,0.2.1-1,0.2.2-1,0.2.3-1,0.2.3-2,0.2.3-3,0.2.3-4,0.2.3-5,0.2.4-1,0.2.4-2,0.2.5,0.2.6,0.2.7,0.2.8,0.3.0,0.3.1,0.3.2,0.3.3,0.3.4,0.3.5,0.3.6,0.3.7,0.3.8,0.3.9,0.4.0,0.4.1,0.4.2,0.4.3,0.4.4-1,0.4.4-2,0.4.4,0.4.5,0.5.0,0.6.0,0.6.2,0.6.3,0.6.4,0.6.5,0.6.6
cli-table,MIT,0.3.6
clui,MIT,0.1.2,0.1.3,0.2.0,0.2.1,0.3.1,0.3.3,0.3.4,0.3.5,0.3.6
codemirror,MIT,2.33.0,3.11.1,3.12.0,3.13.0,3.14.1,3.15.0,3.16.0,3.17.0,3.18.0,3.19.0,3.20.0,3.21.0,3.22.0,3.23.0,3.24.0,4.0.3,4.1.0,4.2.0,4.3.0,4.4.0,4.5.0,4.6.0,4.7.0,4.8.0,4.9.0,4.10.0,4.11.0,4.12.0,4.13.0,5.0.0,5.1.0,5.2.0
coffee-script,MIT,0.7.0,0.7.1,0.7.2,0.9.0,0.9.1,0.9.2,0.9.3,0.9.4,0.9.5,0.9.6,1.0.0,1.0.1,1.1.0,1.1.1,1.1.2,1.1.3,1.2.0,1.3.0,1.3.1,1.3.2,1.3.3,1.4.0,1.5.0,1.6.0,1.6.1,1.6.2,1.6.3
colors,MIT,0.3.0,0.5.0,0.5.1,0.6.0,0.6.1,0.6.2
config,MIT,0.4.19,0.4.20,0.4.21,0.4.22,0.4.23,0.4.24,0.4.25,0.4.26,0.4.27,0.4.28,0.4.29,0.4.30,0.4.31,0.4.32,0.4.33,0.4.34,0.4.35,0.4.36,0.4.37,1.0.0,1.0.1,1.0.2,1.1.0,1.2.0,1.2.1,1.2.2,1.2.3,1.2.4,1.3.0,1.4.0,1.5.0,1.6.0,1.7.0,1.8.0,1.8.1,1.9.0,1.10.0,1.11.0,1.12.0,1.13.0
connect,MIT,2.8.6,2.8.7,2.8.8,2.9.0,2.9.1,2.9.2,2.10.0,2.10.1,2.11.0,2.11.1,2.11.2,2.12.0,2.13.0,2.13.1,2.14.0,2.14.1,2.14.2,2.14.3,2.14.4,2.14.5,2.15.0,3.0.0-rc.1,3.0.0-rc.2
connect-flash,MIT,0.1.0,0.1.1
content-type,Unlicense,0.0.1
cookies,MIT,0.4.1
cors,MIT,0.0.1,0.0.2,0.0.3,0.0.4,0.0.5,0.1.0,0.1.1,1.0.0,1.0.1,2.0.0,2.1.0,2.1.1,2.2.0,2.3.0,2.3.1,2.3.2,2.4.0,2.4.1,2.4.2,2.5.0,2.5.1,2.5.2,2.5.3,2.6.0
cron,MIT,0.2.0,0.3.0,0.3.1,0.3.2,0.3.3,0.3.4,1.0.0,1.0.1,1.0.2,1.0.3,1.0.4,1.0.5,1.0.6,1.0.7,1.0.8,1.0.9,1.1.0
crypto-js,MIT,3.1.2-5
css-loader,MIT,0.1.0,0.1.1,0.1.2,0.2.0,0.2.1,0.2.2,0.2.3,0.2.4,0.5.0,0.5.1,0.5.2,0.6.0,0.6.1,0.6.2,0.6.3,0.6.4,0.6.5,0.6.6,0.6.7,0.6.8,0.6.9,0.6.10,0.6.11,0.6.12,0.7.0,0.7.1,0.8.0,0.9.0,0.9.1,0.10.0,0.10.1,0.11.0,0.11.1,0.11.2,0.12.0,0.12.1,0.13.0,0.13.1,0.14.0
css-select,BSD-2-Clause,1.0.0,1.1.0,1.2.0,1.3.0-rc0,2.0.0
css-value,MIT,0.0.1
csvtojson,MIT,0.3.8,0.3.9,0.3.10,0.3.11,0.3.12,0.3.13,0.3.14,0.3.15,0.3.16,0.3.17,0.3.18,0.3.19,0.3.20,0.3.21,0.4.0,0.4.1,0.4.2,0.4.3,0.4.4,0.4.5,0.4.6,0.4.7,0.4.8,0.5.0,0.5.1,0.5.2,0.5.3,0.5.4,0.5.5
deep-equal,MIT,0.0.0
deep-extend,MIT,0.3.3,0.4.0,0.4.1,0.4.2,0.5.0,0.5.1,0.6.0
deep-is,MIT,0.1.3
diff,BSD-3-Clause,1.4.0
doctrine,Apache-2.0,1.5.0
domutils,BSD-2-Clause,1.1.1,1.1.2,1.1.3,1.1.4,1.1.5,1.1.6,1.2.0,1.2.1,1.2.2,1.3.0,1.4.0,1.4.1,1.4.2,1.4.3,1.5.0,1.5.1
elasticsearch,Apache-2.0,1.0.0,1.0.1,1.0.3,1.3.0,1.4.0,1.5.0,1.5.1,1.5.2,1.5.3,1.5.4,1.5.5,1.5.6,1.5.7,1.5.8,1.5.9,1.5.10,1.5.11,1.5.12,1.5.13,1.5.14,2.0.0,2.1.0,2.1.1,2.1.2,2.1.3,2.1.4,2.1.6,2.2.0,2.3.0,2.3.1,2.4.0,2.4.1,2.4.2,2.4.3,3.0.0,3.0.1,3.0.2,3.1.0,3.1.1,3.1.3,3.1.4,4.0.0,4.0.1,4.0.2,4.1.0,5.0.0
enhanced-resolve,MIT,0.2.0,0.2.1,0.2.2,0.2.3,0.2.4,0.2.5,0.2.6,0.2.7,0.2.8,0.2.9,0.3.0,0.3.1,0.4.0,0.4.1,0.4.2,0.4.4,0.4.5,0.4.6,0.4.7,0.4.8,0.4.9,0.4.10,0.4.11,0.4.12,0.5.0,0.5.1,0.5.2,0.5.3,0.5.4,0.5.5,0.5.6,0.5.7,0.5.8,0.5.9,0.5.10,0.5.11,0.5.12,0.5.13,0.5.14,0.5.15,0.6.0,0.6.1,0.7.0,0.7.1,0.7.2,0.7.3,0.7.4,0.7.5,0.7.6,0.8.0,0.8.1,0.8.2,0.8.3,0.8.4,0.8.5,0.8.6,0.9.0,0.9.1,2.0.0,2.0.1,2.0.2,2.1.0,2.2.0,2.2.1,2.2.2,2.3.0,3.0.0,3.0.1,3.0.2,3.0.3,3.1.0,3.2.0,3.3.0,3.4.0,3.4.1,4.0.0,4.1.0
eslint,MIT,0.0.6,0.0.7,0.1.0-dev,0.1.0,0.1.1,0.1.2,0.1.3,0.1.4,0.2.0,0.3.0,0.4.0,0.4.1,0.4.2,0.4.3,0.4.4,0.4.5
eslint-plugin-react,MIT,1.0.0,1.1.0,1.2.0,1.2.1,1.2.2,1.3.0,1.4.0,1.4.1,1.5.0,1.6.0,1.6.1,2.0.0,2.0.1,2.0.2,2.1.0,2.1.1,2.2.0,2.3.0
esutils,BSD-2-Clause,2.0.2
eventemitter2,MIT,0.0.1,0.1.0,0.1.1,0.1.3,0.2.5,0.2.6,0.2.7,0.3.5,0.3.6,0.3.7,0.4.0,0.4.1,0.4.3,0.4.6,0.4.7,0.4.8,0.4.9,0.4.10,0.4.11
events,MIT,0.1.0,0.1.1,0.2.0,0.3.0,0.4.0,0.5.0,1.0.0,1.0.1
exif-parser,MIT,0.1.0,0.1.1,0.1.2,0.1.3,0.1.4,0.1.5,0.1.6,0.1.7,0.1.8,0.1.9,0.1.10,0.1.11,0.1.12
express-jwt,MIT,0.1.0,0.1.1,0.1.2,0.1.3,0.1.4,0.2.0,0.2.1,0.2.2,0.3.0,0.3.1,0.3.2,0.4.0,0.5.0,0.5.1,0.6.1,0.6.2,1.0.0,1.1.0,1.2.0,1.3.0,1.3.1,1.4.0,2.0.0,2.0.1,2.1.0,3.0.0,3.0.1,3.1.0,3.2.0,3.3.0,3.4.0,5.0.0,5.1.0,5.3.0,5.3.1
extend-shallow,MIT,0.1.0,0.1.1,1.0.0,1.0.1,1.1.1,1.1.2
extract-text-webpack-plugin,MIT,0.1.0,0.1.1,0.1.2,0.2.0,0.2.1,0.2.2,0.2.3,0.2.4,0.2.5,0.3.0,0.3.1,0.3.2,0.3.3,0.3.4,0.3.5,0.3.6,0.3.7,0.3.8,0.4.0,0.5.0,0.6.0,0.7.0,0.7.1,0.8.0
fastclick,MIT,0.6.0,0.6.1,0.6.4,0.6.7,0.6.9,0.6.10,0.6.11,0.6.12,1.0.0,1.0.1,1.0.2,1.0.3,1.0.4,1.0.5,1.0.6
figlet,MIT,1.0.1,1.0.2,1.0.3,1.0.5,1.0.6,1.0.7,1.0.8,1.0.9,1.0.10,1.1.0
file-loader,MIT,0.1.0,0.1.1,0.1.2,0.5.0,0.5.1,0.6.1,0.7.0,0.7.1,0.7.2,0.8.0,0.8.1,0.8.2,0.8.3
filesize,BSD-3-Clause,1.6.6,1.6.7,1.7.0,1.7.1,1.7.2,1.7.3,1.7.4,1.7.5,1.7.6,1.7.7,1.7.8,1.7.9,1.8.0,1.9.0,1.9.1,1.9.2,1.9.3,1.9.4,1.9.5,1.9.6,1.9.7,1.10.0,2.0.0,2.0.1,2.0.2,2.0.3,2.0.4,3.0.0,3.0.1,3.0.2,3.1.0,3.1.1,3.1.2
filter-iterator,MIT,0.0.1
findup-sync,MIT,0.1.0,0.1.1,0.1.2,0.1.3,0.2.0,0.2.1,0.3.0
firebase-admin,MIT,1.0.0,1.0.1,1.0.4,1.0.5,1.0.6,1.0.7,1.0.8,1.0.9,1.1.0,1.2.0,2.0.0,2.0.1,2.1.0,2.1.1,2.2.0,3.0.0
form-data,MIT,0.1.1,0.1.2,0.1.3,0.1.4,0.2.0,1.0.0-rc1
fs-extra,MIT,0.0.1,0.0.3,0.0.4,0.0.11,0.1.0,0.1.1,0.1.2,0.1.3,0.2.0,0.2.1,0.3.0,0.3.1,0.3.2,0.4.0,0.5.0,0.6.0,0.6.1,0.6.2,0.6.3,0.6.4,0.7.0,0.7.1,0.8.0,0.8.1,0.9.0,0.9.1,0.10.0,0.11.0,0.11.1,0.12.0,0.13.0,0.14.0,0.15.0,0.16.0,0.16.1,0.16.2,0.16.3,0.16.4,0.16.5,0.17.0,0.18.0,0.18.1,0.18.2,0.18.3
fsevents,MIT,0.1.1,0.1.3,0.1.4,0.1.5,0.1.6
gaze,MIT,0.1.0,0.1.1,0.1.2,0.1.3,0.1.4,0.1.5,0.1.6,0.2.0,0.2.1,0.2.2,0.3.0,0.3.1,0.3.2,0.3.3,0.3.4,0.4.0,0.4.1,0.4.2,0.4.3,0.5.0,0.5.1,0.5.2,0.6.0,0.6.1,0.6.2,0.6.3,0.6.4
github,MIT,0.0.1,0.0.2,0.0.3,0.0.4,0.0.5,0.0.6,0.0.7,0.0.8,0.1.0,0.1.1,0.1.2,0.1.3,0.1.4,0.1.5,0.1.6,0.1.7,0.1.8,0.1.9,0.1.10,0.1.11,0.1.12,0.1.13,0.1.14,0.1.15,0.1.16,0.2.0,0.2.1,0.2.2,0.2.3,0.2.4,1.1.0,1.1.1,1.1.2,1.2.0,1.2.1,1.3.0,1.4.0,2.0.0,2.0.1,2.1.0,2.2.0,2.3.0,2.4.0,2.4.1,2.5.1,2.5.2,2.6.0,3.0.0,3.1.0,3.1.1,4.0.0,4.1.0,4.1.1,5.0.0,5.0.1,5.1.0,5.2.0,5.2.1,5.2.2,5.2.3,5.3.3,6.0.0,6.0.1,6.0.2,6.0.3,6.0.4,6.1.0,7.0.0,7.0.1,7.1.0,7.2.0,7.2.1,7.3.1,7.3.2,8.0.0,8.1.0,8.1.1,8.2.1,9.0.0,9.1.0,9.2.0,9.3.0,9.3.1,10.0.0,10.1.0,11.0.0,12.0.0,12.0.1,12.0.2,12.0.3,12.0.4,12.0.5,12.0.6,12.0.7,12.1.0,13.0.0,13.0.1,13.0.2,13.1.0,13.1.1
glob-to-regexp,BSD-2-Clause,0.3.0
global,MIT,0.1.5,2.0.1,2.0.2,2.0.3,2.0.4,2.0.5,2.0.6,2.0.7,3.0.0,3.0.1,3.0.2,4.0.0,4.0.1,4.1.0,4.2.0,4.2.1,4.3.0
gm,MIT,0.1.1,0.1.2,0.2.0,0.2.1,0.3.0,0.3.1,0.3.2,0.4.0,0.4.1,0.4.2,0.4.3,0.5.0,0.6.0,1.0.0,1.0.1,1.0.2,1.0.3,1.0.4,1.0.5,1.1.0,1.2.0,1.3.0,1.3.1,1.3.2,1.4.0,1.4.1,1.4.2,1.5.0,1.5.1,1.6.0,1.6.1,1.7.0,1.8.0,1.8.1,1.8.2,1.9.0,1.9.1,1.9.2,1.10.0,1.11.0,1.11.1,1.12.0,1.12.1,1.12.2,1.13.0,1.13.1,1.13.2,1.13.3,1.14.0,1.14.1,1.14.2,1.15.0,1.16.0,1.17.0,1.18.1,1.19.0,1.20.0,1.21.0,1.21.1,1.22.0,1.23.0,1.23.1
googleapis,Apache-2.0,0.2.1-alpha,0.2.2-alpha,0.2.3-alpha,0.2.4-alpha,0.2.5-alpha,0.2.6-alpha,0.2.7-alpha,0.2.8-alpha,0.2.9-alpha,0.2.10-alpha,0.2.11-alpha,0.2.12-alpha,0.2.13-alpha,0.3.1,0.3.2,0.4.0,0.4.1,0.4.2,0.4.3,0.4.4,0.4.5,0.4.6,0.4.7,0.6.0,0.6.1,0.7.0,0.8.0,1.0.0,1.0.1,1.0.2,1.0.3,1.0.4,1.0.5,1.0.6,1.0.7,1.0.8,1.0.9,1.0.10,1.0.11
graceful-fs,BSD-2-Clause,1.2.3
gray-matter,MIT,0.1.0,0.2.0,0.2.1,0.2.3,0.2.4,0.2.5,0.2.6,0.2.8,0.3.1,0.3.4,0.3.5,0.4.0,0.4.1,0.4.2,0.5.0,0.5.1,0.5.2,0.5.3,0.6.0,0.6.1,0.6.2,1.0.0,1.0.1,1.0.2,1.1.0,1.1.1,1.1.2,1.2.0,1.2.1,1.2.2,1.2.3,1.2.4
grunt,MIT,0.1.0,0.1.1,0.1.2,0.2.0,0.2.1,0.2.2,0.2.3,0.2.4,0.2.5,0.2.6,0.2.7,0.2.8,0.2.9,0.2.10,0.2.11,0.2.12,0.2.13,0.2.14,0.2.15,0.3.0,0.3.1,0.3.2,0.3.3,0.3.4,0.3.5,0.3.6,0.3.7,0.3.8,0.3.9,0.3.10,0.3.11,0.3.12,0.3.13-a,0.3.13,0.3.14,0.3.15,0.3.16,0.3.17,0.4.0-a,0.4.0-rc1,0.4.0-rc2,0.4.0-rc3,0.4.0-rc4,0.4.0-rc5,0.4.0-rc6,0.4.0-rc7,0.4.0-rc8,0.4.0,0.4.1,0.4.2,0.4.3,0.4.4,0.4.5
grunt-cli,MIT,0.1.0,0.1.1,0.1.2,0.1.3,0.1.4,0.1.5,0.1.6,0.1.7,0.1.8,0.1.9,0.1.10,0.1.11,0.1.12,0.1.13
grunt-contrib-clean,MIT,0.1.0,0.2.0,0.3.0,0.3.1,0.3.2,0.4.0-a,0.4.0-rc5,0.4.0-rc6,0.4.0,0.4.1,0.5.0,0.6.0
grunt-contrib-concat,MIT,0.1.0,0.1.1,0.1.2-rc5,0.1.2-rc6,0.1.2,0.1.3,0.2.0,0.3.0,0.4.0,0.5.0,0.5.1
grunt-contrib-copy,MIT,0.2.0,0.2.1,0.2.2,0.2.3,0.2.4,0.3.0,0.3.1,0.3.2,0.4.0-rc7,0.4.0,0.4.1,0.5.0,0.6.0,0.7.0,0.8.0
grunt-contrib-jshint,MIT,0.1.0,0.1.1-rc5,0.1.1-rc6,0.1.1,0.2.0,0.3.0,0.4.0,0.4.1,0.4.2,0.4.3,0.5.0,0.5.1,0.5.2,0.5.3,0.5.4,0.6.0,0.6.1,0.6.2,0.6.3,0.6.4,0.6.5,0.7.0,0.7.1,0.7.2,0.8.0,0.9.0,0.9.1,0.9.2,0.10.0,0.11.0,0.11.1,0.11.2
grunt-contrib-uglify,MIT,0.1.0,0.1.1-rc5,0.1.1-rc6,0.1.1,0.1.2,0.2.0,0.2.1,0.2.2,0.2.3,0.2.4,0.2.5,0.2.6,0.2.7,0.3.0,0.3.1,0.3.2,0.3.3,0.4.0,0.4.1,0.5.0,0.5.1,0.6.0,0.7.0,0.8.0,0.8.1,0.9.0,0.9.1
grunt-contrib-watch,MIT,0.1.0,0.1.1,0.1.2,0.1.3,0.1.4,0.2.0-a,0.2.0-rc5,0.2.0-rc7,0.2.0,0.3.0,0.3.1,0.4.0,0.4.1,0.4.2,0.4.3,0.4.4,0.5.0,0.5.1,0.5.2,0.5.3,0.6.0,0.6.1
gulp,MIT,0.0.1,0.0.2,0.0.3,0.0.4,0.0.5,0.0.7,0.0.8,0.0.9,0.1.0,0.2.0,1.0.0,1.1.0,1.2.0,1.2.1,2.0.0,2.0.1,2.1.0,2.2.0,2.3.0,2.4.0,2.4.1,2.6.0,2.6.1,2.7.0,3.0.0,3.1.1,3.1.2,3.1.3,3.1.4,3.2.0,3.2.1,3.2.2,3.2.3,3.2.4,3.2.5,3.3.0,3.3.1,3.3.2,3.3.4,3.4.0,3.5.0,3.5.1,3.5.2,3.5.5,3.5.6,3.6.0,3.6.1,3.6.2,3.7.0,3.8.0,3.8.1,3.8.2,3.8.3,3.8.4,3.8.5,3.8.6,3.8.7,3.8.8,3.8.9,3.8.10,3.8.11
gulp-clean,MIT,0.1.1,0.1.2,0.1.3,0.2.0,0.2.1,0.2.2,0.2.3,0.2.4,0.3.0,0.3.1
gulp-concat,MIT,0.0.1,1.0.0,1.1.0,2.0.0,2.1.0,2.1.1,2.1.2,2.1.3,2.1.4,2.1.5,2.1.6,2.1.7,2.2.0,2.3.0,2.3.3,2.3.4,2.3.5,2.4.0,2.4.1,2.4.2,2.4.3,2.5.0,2.5.1,2.5.2
gulp-eslint,MIT,0.4.0,0.4.1,0.4.2,0.4.3,0.5.0,0.6.0,0.7.0,0.8.0,0.9.0,0.10.0,0.11.0,0.11.1,0.12.0,0.13.0,0.13.1,0.13.2,0.14.0,0.15.0
gulp-if,MIT,0.0.3,0.0.4,0.0.5,1.0.0,1.1.0,1.2.0,1.2.1,1.2.2,1.2.3,1.2.4,1.2.5
gulp-jshint,MIT,0.0.1,0.1.0,1.0.0,1.1.0,1.2.0,1.3.0,1.3.1,1.3.2,1.3.3,1.3.4,1.4.0,1.4.1,1.4.2,1.5.0,1.5.1,1.5.2,1.5.3,1.5.4,1.5.5,1.5.6,1.6.0,1.6.1,1.6.2,1.6.3,1.6.4,1.7.0,1.7.1,1.8.0,1.8.1,1.8.2,1.8.3,1.8.4,1.8.5,1.8.6,1.9.0,1.9.2,1.9.3,1.9.4,1.10.0
gulp-minify-css,MIT,0.0.1,0.1.0,0.2.0,0.3.0,0.3.1,0.3.2,0.3.3,0.3.4,0.3.5,0.3.6,0.3.7,0.3.8,0.3.9,0.3.10,0.3.11,0.3.12,0.3.13,0.4.0,0.4.1,0.4.2,0.4.3,0.4.4,0.4.5,0.4.6,0.5.0,0.5.1,1.0.0,1.1.0,1.1.1
gulp-notify,MIT,0.0.5,0.0.6,0.0.7,0.0.8,0.1.0,0.2.0,0.3.0,0.3.2,0.3.3,0.3.4-1,0.3.4-2,0.3.4,0.3.5-0,0.4.0,0.4.1,0.4.2,0.4.3,0.4.5,0.4.6,0.5.0,0.5.1,0.6.0,0.6.1,0.6.2,1.0.0-beta,1.1.0,1.1.1,1.2.0,1.2.1,1.2.2,1.2.4,1.2.5,1.2.6,1.3.0,1.3.1,1.4.0,1.4.1,1.4.2,1.5.0,1.5.1,1.6.0,1.7.0,1.7.1,1.8.0,2.0.0,2.0.1,2.1.0,2.2.0
gulp-plumber,MIT,0.0.1,0.1.0,0.2.0,0.2.1,0.2.3,0.3.0,0.4.0,0.4.1,0.5.0-rc1,0.5.0,0.5.1,0.5.2,0.5.3,0.5.4,0.5.5,0.5.6,0.6.0,0.6.1,0.6.2,0.6.3,0.6.4,0.6.5,0.6.6,1.0.0
gulp-rename,MIT,0.1.0,0.2.1,0.2.2,1.0.0,1.1.0,1.2.0,1.2.2
gulp-util,MIT,0.0.1,1.0.0,1.1.0,1.1.1,1.2.0,1.3.0,2.0.0,2.1.1,2.1.2,2.1.3,2.1.4,2.2.0,2.2.1,2.2.2,2.2.3,2.2.5,2.2.6,2.2.7,2.2.8,2.2.9,2.2.10,2.2.11,2.2.12,2.2.13,2.2.14,2.2.15,2.2.16,2.2.17,2.2.18,2.2.19,2.2.20,3.0.0,3.0.1,3.0.2,3.0.3,3.0.4
hammerjs,MIT,1.0.2,1.0.3-dev,1.0.3,1.0.4,1.0.5,1.0.6,1.0.8,1.0.9,1.0.10,1.0.11,1.1.0,1.1.1,1.1.2,1.1.3,2.0.0,2.0.1,2.0.2,2.0.3,2.0.4
hat,MIT,0.0.0,0.0.1,0.0.2
he,MIT,0.1.0,0.1.1,0.1.2,0.1.3,0.1.4,0.1.5,0.1.6,0.1.7,0.1.8,0.1.9,0.1.10,0.2.0,0.2.1,0.3.0,0.3.1,0.3.2,0.3.3,0.3.4,0.3.5,0.3.6,0.4.0,0.4.1
highland,Apache-2.0,2.3.0,2.4.0,2.5.0,2.5.1
hogan.js,Apache-2.0,1.0.0,1.0.2,1.0.4-dev,1.0.5-dev,2.0.0,3.0.1,3.0.2
html-loader,MIT,0.1.0,0.2.0,0.2.1,0.2.2,0.2.3,0.3.0,0.4.0,0.4.2,0.4.3
html-minifier,MIT,0.4.3,0.4.4,0.4.5,0.5.0,0.5.1,0.5.2,0.5.4,0.5.5,0.5.6,0.6.0,0.6.1,0.6.2,0.6.3,0.6.4,0.6.5,0.6.6,0.6.7,0.6.8,0.6.9,0.7.0,0.7.1,0.7.2
htmlparser2,MIT,1.0.0,1.1.0,1.5.0,2.0.0,2.0.1,2.1.0,2.1.1,2.1.2,2.1.3,2.2.0,2.2.2,2.2.3,2.2.4,2.2.5,2.2.6,2.2.7,2.2.8,2.2.9,2.3.0,2.5.0,2.5.1,2.5.2,2.6.0,3.0.0,3.0.1,3.0.2,3.0.3,3.0.4,3.0.5,3.1.1,3.1.2,3.1.3,3.1.4,3.1.5,3.1.6,3.2.0,3.2.1,3.2.2,3.2.3,3.2.4,3.2.5,3.3.0
http-server,MIT,0.4.1,0.5.0,0.5.1,0.5.2,0.5.3,0.5.5,0.6.0,0.6.1,0.7.0,0.7.1,0.7.2,0.7.3,0.7.4,0.7.5,0.8.0
i,MIT,0.2.0,0.3.0,0.3.1,0.3.3,0.3.4,0.3.5,0.3.6
imports-loader,MIT,0.1.0,0.1.1,0.1.2,0.5.0,0.6.0,0.6.1,0.6.2,0.6.3
inflection,MIT,1.2.0,1.2.1,1.2.2,1.2.3,1.2.4,1.2.5,1.2.6,1.2.7,1.3.0,1.3.1,1.3.2,1.3.3,1.3.4,1.3.5,1.3.6,1.3.7,1.3.8,1.4.0,1.4.1,1.4.2,1.5.0,1.5.1,1.5.2,1.5.3,1.6.0,1.7.0,1.7.1
is-plain-object,MIT,0.1.0,1.0.0,2.0.0
jquery,MIT,1.7.2,1.7.3,1.8.2,1.8.3,1.9.1,1.11.0-beta3,1.11.0-rc1,1.11.0,1.11.1-beta1,1.11.1-rc1,1.11.1-rc2,1.11.1,1.11.2,1.11.3,2.1.0-beta2,2.1.0-beta3,2.1.0-rc1,2.1.0,2.1.1-beta1,2.1.1-rc1,2.1.1-rc2,2.1.1,2.1.2,2.1.3,2.1.4
jquery-ui,MIT,1.10.4,1.10.5
js-base64,BSD-3-Clause,2.2.0,2.2.1,2.3.0,2.3.1
jsdoc,Apache-2.0,3.2.0-dev,3.2.0,3.2.1,3.2.2,3.3.0-alpha1,3.3.0-alpha2,3.3.0-alpha3,3.3.0-alpha4,3.3.0-alpha5,3.3.0-alpha7,3.3.0-alpha8,3.3.0-alpha9
jsdom,MIT,0.0.1,0.1.2,0.1.4,0.1.5,0.1.6,0.1.7,0.1.8,0.1.9,0.1.10,0.1.11,0.1.12,0.1.13,0.1.15,0.1.16,0.1.17,0.1.18,0.1.19,0.1.20,0.1.21,0.1.22,0.1.23,0.2.0,0.2.1,0.2.2,0.2.3,0.2.4,0.2.5,0.2.6,0.2.7,0.2.8,0.2.9,0.2.10,0.2.11,0.2.12,0.2.13,0.2.14,0.2.15,0.2.16,0.2.17,0.2.18,0.2.19,0.3.0,0.3.1,0.3.2,0.3.3,0.3.4,0.4.0,0.4.1,0.4.2,0.5.0,0.5.1,0.5.2,0.5.3,0.5.4,0.5.5,0.5.6,0.5.7,0.6.0,0.6.1,0.6.2,0.6.3,0.6.4,0.6.5,0.7.0,0.8.0,0.8.1,0.8.2,0.8.3,0.8.4,0.8.5,0.8.6,0.8.7,0.8.8,0.8.9,0.8.10,0.8.11,0.9.0,0.10.0,0.10.1,0.10.2,0.10.3,0.10.4,0.10.5,0.10.6,0.11.0,0.11.1,1.0.0-pre.1,1.0.0-pre.3,1.0.0-pre.4,1.0.0-pre.5,1.0.0-pre.6,1.0.0-pre.7,1.0.0,1.0.1,1.0.2,1.0.3,1.1.0,1.2.0,1.2.1,1.2.2,1.2.3,1.3.0,1.3.1,1.3.2,1.4.0,1.4.1,1.5.0,2.0.0,3.0.0,3.0.1,3.0.2,3.0.3,3.1.0,3.1.1,3.1.2,4.0.0,4.0.1,4.0.2,4.0.3,4.0.4,4.0.5,4.1.0,4.2.0,4.3.0,4.4.0,4.5.0,4.5.1,4.5.2,5.0.0,5.0.1,5.1.0,5.2.0,5.3.0,5.4.0,5.4.1
jshint,MIT,0.1.8,0.1.9,0.2.0,0.2.1,0.2.2,0.2.3,0.3.0,0.3.1,0.4.0,0.5.0,0.5.1,0.5.2,0.5.3,0.5.4,0.5.5,0.5.6,0.5.7,0.5.8,0.5.9,0.6.0,0.6.1,0.6.2,0.6.3,0.7.0,0.7.1,0.7.2,0.7.3,0.8.0,0.8.1,0.8.2,0.9.0,0.9.1,2.0.0,2.0.1,2.1.0,2.1.1,2.1.2,2.1.3,2.1.4,2.1.5,2.1.6,2.1.7,2.1.8,2.1.9,2.1.10,2.1.11,2.2.0,2.3.0,2.4.0,2.4.1,2.4.2,2.4.3,2.4.4,2.5.0,2.5.1,2.5.2,2.5.3,2.5.4,2.5.5,2.5.6,2.5.7,2.5.8,2.5.9,2.5.10,2.5.11,2.6.0,2.6.1,2.6.2,2.6.3,2.7.0
json-loader,MIT,0.1.0,0.1.1,0.1.2,0.1.3,0.1.4,0.1.5,0.1.6,0.1.7,0.1.8,0.2.0,0.5.0,0.5.1
json-schema,(AFL-2.1 OR BSD-3-Clause),0.2.3
jsonfile,MIT,0.0.1,1.0.0,1.0.1,1.1.0,1.1.1,1.2.0,2.0.0
jsonp,MIT,0.0.3,0.0.4,0.2.0,0.2.1
jss,MIT,0.2.0,0.2.1,0.2.2,0.2.3,0.2.4,0.2.5,0.2.6,0.2.7,0.2.8,0.2.9,0.2.10,0.3.0,0.3.1,0.3.2,0.3.3,0.3.4,0.4.0,0.5.0,0.5.1,0.6.0,0.7.0,0.7.1,0.8.0,0.8.1,0.8.2,0.9.0,0.9.1,0.10.0,0.10.1,0.10.2,1.0.0,1.0.1,1.0.2,1.0.3,1.0.4,1.0.5,1.0.6,1.0.7,1.0.8,2.0.0,2.1.0,2.1.1,2.1.2,2.1.3,2.1.4,2.1.5,2.1.6,2.2.0,2.2.1
jszip,(MIT OR GPL-3.0),0.1.1,0.2.0,0.2.1,2.0.0,2.1.0,2.1.1,2.2.0,2.2.1,2.2.2,2.3.0,2.4.0,2.5.0
jwt-simple,MIT,0.1.0,0.2.0,0.3.0
karma-webpack,MIT,1.0.0,1.0.1,1.0.2,1.1.0,1.2.1,1.2.2,1.3.0,1.3.1,1.4.0,1.5.0,1.5.1
keymirror,Apache-2.0,0.1.0,0.1.1
knockout,MIT,2.1.0-pre,2.1.0,3.0.0,3.1.0,3.2.0,3.3.0,3.4.0,3.4.1,3.4.2,3.5.0-beta,3.5.0-rc,3.5.0-rc2
less,Apache-2.0,1.4.0-b3,1.4.0-b4,1.4.0,1.4.1,1.4.2,1.5.0-b1,1.5.0-b2,1.5.0-b3,1.5.0-b4,1.5.0,1.5.1,1.6.0,1.6.1,1.6.2,1.6.3,1.7.0,1.7.1,1.7.3,1.7.4,1.7.5,2.0.0-b1,2.0.0-b2,2.0.0-b3,2.0.0,2.1.0,2.1.1,2.1.2,2.2.0,2.3.0,2.3.1,2.4.0,2.5.0
less-loader,MIT,0.1.0,0.1.1,0.1.2,0.1.3,0.2.0,0.2.1,0.2.2,0.5.0,0.5.1,0.6.0,0.6.1,0.6.2,0.7.0,0.7.1,0.7.2,0.7.3,0.7.4,0.7.5,0.7.6,0.7.7,0.7.8,2.0.0,2.1.0,2.2.0,2.2.1,2.2.2,2.2.3,3.0.0
liftoff,MIT,0.1.0,0.2.0,0.3.0,0.4.0,0.5.0,0.6.0,0.7.0,0.8.0,0.8.1,0.8.2,0.8.3,0.8.4,0.8.5,0.8.6,0.8.7,0.9.0,0.9.1,0.9.2,0.9.3,0.9.4,0.9.5,0.9.6,0.9.7,0.9.8,0.10.0,0.11.0,0.11.1,0.11.2,0.11.3,0.12.0,0.12.1,0.13.0,0.13.1,0.13.2,0.13.3,0.13.5,0.13.6,1.0.0,1.0.2,1.0.3,1.0.4,2.0.0,2.0.1,2.0.2,2.0.3,2.1.0
loader-utils,MIT,0.1.0,0.1.1,0.1.2,0.2.0,0.2.1,0.2.2,0.2.3,0.2.4,0.2.5,0.2.6,0.2.7
localforage,Apache-2.0,1.2.4,1.2.7,1.2.8,1.2.9
lodash,MIT,0.1.0,0.2.0,0.2.1,0.2.2,0.3.0,0.3.1,0.3.2,0.4.0,0.4.1,0.4.2,0.5.0-rc.1,0.5.0,0.5.1,0.5.2,0.6.0,0.6.1,0.7.0,0.8.0,0.8.1,0.8.2
loglevel,MIT,0.1.0,0.2.0,0.3.0,0.3.1,0.4.0,0.5.0,0.6.0,1.0.0,1.1.0,1.2.0,1.3.0,1.3.1
long,Apache-2.0,1.0.0,1.0.1,1.1.0,1.1.1
longest,MIT,1.0.1
lru-cache,MIT,1.0.4,1.0.5,1.0.6,1.1.0,1.1.1,2.0.0,2.0.1,2.0.2,2.0.3,2.0.4,2.1.0,2.2.0,2.2.1,2.2.2,2.2.4,2.3.0,2.3.1,2.5.0,2.5.1,2.5.2,2.6.0,2.6.1,2.6.2,2.6.3
markdown,MIT,0.2.1,0.3.0,0.3.1,0.4.0,0.5.0
micromatch,MIT,0.1.0,0.2.0,0.2.1,0.2.2,1.0.0,1.0.1,1.2.0,1.2.2,1.3.0,1.3.1,1.3.2,1.3.3,1.4.0,1.4.1,1.5.0,1.6.0,1.6.1,1.6.2,2.0.0,2.1.0,2.1.1,2.1.2,2.1.3,2.1.4,2.1.5,2.1.6
mime,MIT,1.3.0,1.3.2,1.3.3,1.3.4
minimatch,MIT,0.0.4,0.0.5,0.1.1,0.1.2,0.1.3,0.1.4,0.1.5,0.2.0,0.2.2,0.2.3,0.2.4,0.2.5,0.2.6,0.2.7,0.2.8,0.2.9,0.2.10,0.2.11,0.2.12,0.2.13,0.2.14,0.3.0,0.4.0,1.0.0,2.0.0,2.0.1,2.0.2,2.0.3,2.0.4,2.0.5,2.0.6,2.0.7
mkdirp,MIT,0.0.2,0.0.3,0.0.4,0.0.5,0.0.6,0.0.7,0.1.0,0.2.0,0.2.1,0.2.2,0.3.0,0.3.1,0.3.2,0.3.3,0.3.4
mocha,MIT,1.19.0,1.20.0,1.20.1,1.21.0,1.21.1,1.21.2,1.21.3,1.21.4,1.21.5,2.0.0,2.0.1,2.1.0,2.2.0,2.2.1,2.2.3,2.2.4,2.2.5,2.3.0,2.3.1,2.3.2,2.3.3,2.3.4,2.4.1,2.4.2,2.4.3,2.4.4,2.4.5,2.5.0,2.5.1,2.5.2,2.5.3,3.0.0-0
moment,MIT,1.0.0,1.0.1,1.1.0,1.1.1,1.2.0,1.3.0,1.4.0,1.5.0,1.5.1,1.6.0,1.6.1,1.6.2,1.7.0,1.7.1,1.7.2,2.0.0,2.1.0,2.2.1,2.3.0,2.3.1,2.4.0,2.5.0,2.5.1,2.6.0,2.7.0,2.8.1,2.8.2,2.8.3,2.8.4,2.9.0,2.10.2,2.10.3
moment-timezone,MIT,0.0.1,0.0.2,0.0.3,0.0.5,0.0.6
mongodb,Apache-2.0,0.9.1,0.9.2,0.9.3,0.9.4-4,0.9.4,0.9.6-7,0.9.6-8,0.9.6-9,0.9.6-10,0.9.6-11,0.9.6-12,0.9.6-13,0.9.6-14,0.9.6-15,0.9.6-16,0.9.6-17,0.9.6-18,0.9.6-19,0.9.6-20,0.9.6-21,0.9.6-22,0.9.6-23,0.9.7-0,0.9.7-1,0.9.7-1.1,0.9.7-1.2,0.9.7-1.3,0.9.7-1.4,0.9.7-2,0.9.7-2-1,0.9.7-2-2,0.9.7-2-3,0.9.7-2-4,0.9.7-2-5,0.9.7-3,0.9.7-3-1,0.9.7-3-2,0.9.7-3-3,0.9.7-3-4,0.9.7-3-5,0.9.7,0.9.8-1,0.9.8-2,0.9.8-3,0.9.8-4,0.9.8-5,0.9.8-6,0.9.8-7,0.9.8,0.9.9-1,0.9.9-2,0.9.9-3,0.9.9-4,0.9.9-5,0.9.9-6,0.9.9-7,0.9.9-8,0.9.9,1.0.0,1.0.1,1.0.2,1.1.0-beta,1.1.0,1.1.1,1.1.2,1.1.3,1.1.4,1.1.5,1.1.6,1.1.7,1.1.8,1.1.9,1.1.10,1.1.11,1.2.0,1.2.1,1.2.2,1.2.3,1.2.4,1.2.5,1.2.6,1.2.7,1.2.8,1.2.9,1.2.10,1.2.11,1.2.12,1.2.13,1.2.14,1.3.0,1.3.1,1.3.2,1.3.3,1.3.4,1.3.5,1.3.6,1.3.7,1.3.8,1.3.9,1.3.10,1.3.11,1.3.12,1.3.14,1.3.15,1.3.17,1.3.18,1.3.19,1.3.20,1.3.21,1.3.22,1.3.23,1.4.0-rc2,1.4.0-rc3,1.4.0-rc4,1.4.0-rc5,1.4.0-rc6,1.4.0-rc7,1.4.0-rc8,1.4.0-rc9,1.4.0-rc10,1.4.0,1.4.1,1.4.2,1.4.3,1.4.4,1.4.5,1.4.6,1.4.7,1.4.8,1.4.9,1.4.10,1.4.11,1.4.12,1.4.14,1.4.15,1.4.16,1.4.17,1.4.18,1.4.19,1.4.20,1.4.22,1.4.23,1.4.24,1.4.25,1.4.26,1.4.27,1.4.28,1.4.29,1.4.30,1.4.31,1.4.32,1.4.33,1.4.34,1.4.35,1.4.36,1.4.37,1.4.38,1.4.39,1.4.40,2.0.0-alpha1,2.0.0-alpha2,2.0.0,2.0.1,2.0.2,2.0.3,2.0.4,2.0.5,2.0.6,2.0.7,2.0.8,2.0.9,2.0.10,2.0.11,2.0.12,2.0.13,2.0.14,2.0.15,2.0.16,2.0.17,2.0.18,2.0.19,2.0.20,2.0.21,2.0.22,2.0.23,2.0.24,2.0.25,2.0.26,2.0.27,2.0.28,2.0.29,2.0.30,2.0.31,2.0.32,2.0.33
mongoose,MIT,0.0.1,0.0.2,0.0.3,0.0.4,0.0.5,0.0.6
mout,MIT,0.1.0,0.2.0,0.3.0,0.4.0,0.5.0,0.6.0,0.7.0,0.7.1,0.8.0,0.9.0,0.9.1,0.10.0,0.11.0
mssql,MIT,0.2.0,0.2.1,0.2.2,0.2.3,0.2.4,0.2.5,0.3.0,0.3.1,0.3.2,0.3.3,0.3.4,0.4.0,0.4.1,0.4.2,0.4.3,0.4.4,0.4.5,0.5.0,0.5.1,0.5.2,0.5.3,0.5.4,0.5.5,0.6.0,0.6.1,0.6.2,1.0.0,1.0.1,1.0.2,1.1.0,1.1.1,1.2.0,1.2.1,1.3.0,2.0.0,2.1.0,2.1.1,2.1.2,2.1.3
node-dir,MIT,0.0.1,0.0.2,0.0.3,0.0.4,0.0.7,0.0.8,0.0.9,0.0.10,0.1.0,0.1.2,0.1.4,0.1.5,0.1.6,0.1.8
node-sass,MIT,0.3.0,0.4.0,0.4.1,0.4.2,0.4.3,0.4.4,0.5.0,0.5.1,0.5.2,0.5.3,0.5.4,0.6.0,0.6.1,0.6.2,0.6.3,0.6.4,0.6.5,0.6.6,0.6.7,0.7.0-alpha,0.7.0,0.8.0,0.8.1,0.8.2,0.8.3,0.8.4,0.8.5,0.8.6,0.9.0,0.9.1,0.9.2,0.9.3,0.9.4-rc1,0.9.4,0.9.5-rc1,0.9.5,0.9.6,1.0.0,1.0.1,1.0.2-alpha,1.0.2,1.0.3,1.1.0,1.1.1,1.1.2,1.1.3,1.1.4
node-static,MIT,0.5.6,0.5.7,0.5.8,0.5.9
node-uuid,MIT,1.4.2,1.4.3,1.4.6,1.4.7,1.4.8
nodegit,GPL-2.0,0.0.7,0.0.71,0.0.72,0.0.73,0.0.74,0.0.75,0.0.76,0.0.77,0.0.78,0.0.79
nodemailer,MIT,0.1.1,0.1.2,0.1.3,0.1.4,0.1.5,0.1.6,0.1.7,0.1.8,0.1.9,0.1.10,0.1.11,0.1.12,0.1.13,0.1.14,0.1.15,0.1.16,0.1.17,0.1.18,0.1.19,0.1.20,0.1.21,0.1.22,0.1.23,0.1.24,0.2.0,0.2.1,0.2.2,0.2.3,0.2.4,0.3.0,0.3.1,0.3.2,0.3.3,0.3.4,0.3.5,0.3.6,0.3.7,0.3.8,0.3.9,0.3.10,0.3.11,0.3.12,0.3.13,0.3.14,0.3.15,0.3.16,0.3.17,0.3.18,0.3.19,0.3.20,0.3.21,0.3.22,0.3.23,0.3.24,0.3.25,0.3.26,0.3.27,0.3.28,0.3.29,0.3.30,0.3.31,0.3.32,0.3.33,0.3.34,0.3.35,0.3.37,0.3.38,0.3.39,0.3.40,0.3.41,0.3.42,0.3.43,0.3.44,0.4.0,0.4.1,0.4.2,0.4.3,0.4.4,0.5.0,0.5.1,0.5.2,0.5.3,0.5.4,0.5.5,0.5.6,0.5.7,0.5.8,0.5.9,0.5.10,0.5.11,0.5.12,0.5.13,0.5.14,0.5.15,0.6.0,0.6.1,0.6.2,0.6.3,0.6.4,0.6.5,0.7.0,0.7.1
nodemon,MIT,0.6.7,0.6.8,0.6.9,0.6.10-a,0.6.10,0.6.11,0.6.12,0.6.13,0.6.14,0.6.15,0.6.16,0.6.17,0.6.18,0.6.19,0.6.20,0.6.21,0.6.22,0.6.23,0.7.0,0.7.1,0.7.2,0.7.3,0.7.4,0.7.5,0.7.6,0.7.7,0.7.8,0.7.10,0.9.0,0.9.1,0.9.2,0.9.3,0.9.5,0.9.6,0.9.7,0.9.10,0.9.11,0.9.12,0.9.14,0.9.16,0.9.17,1.0.0,1.0.1,1.0.2-rc,1.0.2-rc3,1.0.2-rc4,1.0.2,1.0.3,1.0.4,1.0.5,1.0.6,1.0.7,1.0.8,1.0.9,1.0.10,1.0.11,1.0.12,1.0.13,1.0.14,1.0.15,1.0.16,1.0.17-rc1,1.0.17-rc2,1.0.17,1.0.18,1.0.19,1.0.20,1.1.0-alpha,1.1.0,1.1.1,1.2.0,1.2.1,1.3.0-0,1.3.0-1,1.3.0-2,1.3.0-3,1.3.0-4,1.3.0-5,1.3.0-6,1.3.0-7,1.3.0,1.3.1,1.3.2,1.3.3,1.3.5,1.3.6,1.3.7
nopt,MIT,1.0.6,1.0.7,1.0.8,1.0.9,1.0.10,2.0.0,2.1.0,2.1.1,2.1.2,2.2.0,2.2.1,3.0.0,3.0.1
npm,MITNFA,1.1.25,1.1.70,1.1.71,1.2.19,1.2.20,1.2.21,1.2.22,1.2.23,1.2.24,1.2.25,1.2.27,1.2.28,1.2.30,1.2.31,1.2.32,1.3.0,1.3.1,1.3.2,1.3.4,1.3.5
numeral,MIT,1.0.1,1.0.2,1.0.3,1.0.4,1.1.0,1.2.1,1.2.2,1.2.3,1.2.5,1.3.1,1.3.2,1.3.3,1.4.0,1.4.1,1.4.5,1.4.6,1.4.7,1.4.8,1.5.0,1.5.1,1.5.2,1.5.3
oauth,MIT,0.9.7,0.9.8,0.9.9,0.9.10,0.9.11,0.9.12,0.9.13,0.9.14
optimist,MIT,0.0.1,0.0.2,0.0.3,0.0.4,0.0.5,0.0.6,0.0.7,0.1.0,0.1.1,0.1.2,0.1.3,0.1.4,0.1.5,0.1.6,0.1.7,0.1.8,0.1.9,0.2.0,0.2.1,0.2.2,0.2.3,0.2.4,0.2.5,0.2.6,0.2.7,0.2.8,0.3.0,0.3.1,0.3.3,0.3.4,0.3.5,0.3.6,0.3.7,0.4.0,0.5.0,0.5.1,0.5.2,0.6.0,0.6.1
pako,MIT,0.0.0,0.1.0,0.1.1,0.2.0,0.2.1,0.2.2,0.2.3,0.2.4,0.2.5,0.2.6,0.2.7,0.2.8
parse5,MIT,0.5.0,0.5.1,0.5.2,0.5.3,0.5.4,0.6.0,0.6.1,0.8.1,0.8.2,0.8.3,1.0.0,1.0.1,1.1.0,1.1.1,1.1.2,1.1.3,1.1.4,1.1.5,1.1.6,1.2.0,1.3.0,1.3.1,1.3.2,1.4.0,1.4.1,1.4.2,1.5.0,1.5.1
passport,MIT,0.1.6,0.1.7,0.1.8,0.1.9,0.1.10,0.1.11,0.1.12,0.1.13,0.1.14,0.1.15,0.1.16,0.1.17,0.1.18,0.2.0,0.2.1,0.2.2,0.3.0,0.3.1,0.3.2,0.4.0
passport-facebook,MIT,0.1.2,0.1.3,0.1.4,0.1.5,0.1.6,1.0.0,1.0.1,1.0.2,1.0.3,2.0.0,2.1.0,2.1.1,3.0.0
passport-http-bearer,MIT,0.1.1,0.1.2,0.2.0,0.2.1,1.0.0,1.0.1
passport-local,MIT,0.1.1,0.1.2,0.1.3,0.1.4,0.1.5,0.1.6,1.0.0
passport-oauth,MIT,0.1.3,0.1.4,0.1.5,0.1.6,0.1.7,0.1.8,0.1.9,0.1.10,0.1.11,0.1.12,0.1.13,0.1.14,0.1.15,1.0.0
passport-oauth2,MIT,1.0.0,1.1.0,1.1.1,1.1.2,1.2.0,1.3.0,1.4.0
passport-strategy,MIT,1.0.0
phantomjs,Apache-2.0,0.0.1,0.0.2,0.0.3,0.0.4,0.0.5,0.0.6,0.0.7,0.0.8,0.0.9,0.1.0,0.1.1,0.2.0,0.2.1,0.2.2,0.2.3,0.2.4,0.2.5,0.2.6,1.8.0-1,1.8.1-1,1.8.1-2,1.8.1-3,1.8.2-0,1.8.2-1,1.8.2-2,1.8.2-3,1.9.0-0,1.9.0-1,1.9.0-2,1.9.0-3,1.9.0-4,1.9.0-5,1.9.0-6,1.9.1-0,1.9.1-2,1.9.1-3,1.9.1-4,1.9.1-5,1.9.1-6,1.9.1-7,1.9.1-8,1.9.1-9,1.9.2-0,1.9.2-1,1.9.2-2,1.9.2-3,1.9.2-4,1.9.2-5,1.9.2-6,1.9.6-0,1.9.7-1,1.9.7-3,1.9.7-4,1.9.7-5,1.9.7-6,1.9.7-7,1.9.7-8,1.9.7-9,1.9.7-10,1.9.7-11,1.9.7-12,1.9.7-13,1.9.7-14,1.9.7-15,1.9.8,1.9.9,1.9.10,1.9.11,1.9.12,1.9.13,1.9.15,1.9.16,1.9.17
plugin-error,MIT,0.1.0,0.1.1
pm2,AGPL-3.0,0.7.2,0.7.3,0.7.4,0.7.5,0.7.6,0.7.7,0.7.8,0.8.0,0.8.1,0.8.2,0.8.3,0.8.4,0.8.5,0.8.6,0.8.7,0.8.8,0.8.9,0.8.10,0.8.11,0.8.12,0.8.13,0.8.14,0.8.15,0.9.0,0.9.1,0.9.2,0.9.3,0.9.4,0.9.5,0.9.6,0.10.0-beta1,0.10.0-beta2,0.10.0-beta4,0.10.0-beta5,0.10.0-beta6,0.10.0-beta7,0.10.0-beta8,0.10.0-beta9,0.10.0-beta10,0.10.0-beta11,0.10.0-beta12,0.10.0-beta13,0.10.0-beta14,0.10.0-beta15,0.10.0-beta16,0.10.0-beta17,0.10.0-beta18,0.10.0-beta19,0.10.0-beta20,0.10.0-beta21,0.10.0-beta22,0.10.0-beta23,0.10.0-beta25,0.10.0,0.10.1,0.10.2,0.10.3,0.10.4,0.10.5,0.10.6,0.10.7,0.10.8,0.11.0-beta1,0.11.0,0.11.1,0.12.0,0.12.1,0.12.2,0.12.3,0.12.4,0.12.5,0.12.6,0.12.7,0.12.8,0.12.9,0.12.10,0.12.11,0.12.12,0.12.13,0.12.14,0.12.15,0.12.16
pm2,Apache-2.0,0.5.2,0.5.3,0.5.4,0.5.5,0.5.6,0.5.7,0.6.2,0.6.3,0.6.4,0.6.5,0.6.6,0.6.7,0.6.8,0.6.9,0.6.10,0.6.11,0.6.12,0.6.13,0.6.14,0.6.15,0.7.0,0.7.1
portfinder,MIT,0.3.0,0.4.0
precond,MIT,0.2.3
process,MIT,0.4.9,0.5.0,0.5.1,0.5.2,0.6.0,0.7.0,0.8.0,0.9.0,0.10.0,0.10.1,0.11.0,0.11.1
prom-client,Apache-2.0,3.0.4,3.1.0,3.2.1,3.3.0,3.4.0,3.4.1
protobufjs,Apache-2.0,0.0.0,0.9.1,0.9.3,0.9.4,0.9.5,0.9.6,0.9.7,0.9.8,0.9.9,0.9.10,0.9.11,0.9.12,0.9.13,0.10.0,0.11.0,0.11.1,0.11.2,0.12.0,0.12.1,0.12.2,0.12.3,0.12.4,0.12.5,0.12.6,0.12.7,0.12.8,0.12.9,0.12.10,0.12.11,0.12.12,0.12.13
q,MIT,0.0.0,0.0.1,0.0.2,0.0.3,0.1.0,0.1.1,0.1.2,0.1.3,0.1.4,0.1.5,0.1.6,0.1.7,0.1.8,0.1.9,0.2.0-rc1,0.2.0,0.2.1,0.2.2,0.2.3,0.2.4,0.2.5,0.2.6,0.2.7,0.2.8,0.2.9,0.2.10,0.3.0,0.4.0,0.4.1,0.4.2,0.4.4,0.5.0,0.5.1,0.5.2,0.5.3,0.6.0,0.7.0,0.7.1,0.7.2,0.8.0,0.8.1,0.8.2,0.8.3,0.8.4,0.8.5,0.8.6,0.8.7,0.8.8,0.8.9,0.8.10,0.8.11,0.8.12,0.9.0,0.9.1,0.9.2,0.9.3,0.9.4,0.9.5,0.9.6,0.9.7,1.0.0,1.0.1,1.1.0,1.1.1,1.1.2,1.2.0,1.2.1,1.3.0,1.4.0,1.4.1,2.0.0,2.0.1,2.0.2,2.0.3
raw-loader,MIT,0.1.0,0.1.1,0.1.2,0.1.3,0.1.4,0.1.5,0.1.6,0.2.0,0.5.0,0.5.1
react,Apache-2.0,0.8.0,0.9.0-rc1,0.9.0,0.10.0-rc1,0.10.0,0.11.0-rc1,0.11.0,0.11.1,0.11.2
react,MIT,0.0.1,0.0.2,0.0.3,0.1.2,0.2.0,0.2.1,0.2.2,0.2.3,0.2.4,0.2.5,0.2.6,0.3.0,0.3.4,0.3.5,0.5.0,0.5.1,0.5.2,0.6.0,0.6.1,0.6.2,0.6.3,0.7.0,0.7.1
react-router,Apache-2.0,0.0.0,0.0.1
react-tap-event-plugin,Apache-2.0,0.1.0,0.1.1,0.1.2,0.1.3,0.1.4,0.1.5,0.1.6,0.1.7,0.1.8,0.2.0,0.2.1,0.2.2,1.0.0,2.0.0,2.0.1,3.0.0,3.0.1,3.0.2,3.0.3
readline-sync,MIT,0.1.0,0.2.0,0.2.1,0.2.2,0.2.3,0.2.4,0.2.5,0.4.1,0.4.2,0.4.3,0.4.4,0.4.5,0.4.6,0.4.7,0.4.8
reflect-metadata,Apache-2.0,0.0.2,0.0.3,0.1.0,0.1.1,0.1.2,0.1.3,0.1.4,0.1.5,0.1.6,0.1.7,0.1.8,0.1.9,0.1.10
regjsparser,BSD-2-Clause,0.1.5
repeat-element,MIT,1.1.2
request,Apache-2.0,2.34.0,2.35.0,2.36.0
require-all,MIT,0.0.6,0.0.8,1.0.0
require-directory,MIT,0.0.1,0.0.2,0.0.3,1.0.0,1.0.1,1.0.2,1.1.0,1.1.1,1.2.0,2.0.0,2.1.0
require-like,MIT,0.0.1,0.0.2,0.1.0,0.1.1,0.1.2
rework,MIT,0.0.2,0.1.0,0.1.2,0.2.0,0.3.0,0.4.0,0.4.1,0.5.0,0.5.1,0.6.0,0.6.1,0.7.0,0.8.0,0.9.0,0.9.1,0.10.0,0.10.1,0.10.2,0.11.0,0.12.0,0.12.1,0.12.2,0.13.0,0.13.1,0.13.2,0.14.0,0.15.0,0.16.0,0.17.0,0.17.1,0.17.2,0.17.3,0.17.4,0.18.0,0.18.1,0.18.2,0.19.0,0.20.0,0.20.1,0.20.2,0.20.3,1.0.0,1.0.1
run-sequence,MIT,0.3.1,0.3.2,0.3.3,0.3.4,0.3.5,0.3.6,0.3.7,1.0.0,1.0.1,1.0.2,1.1.0
rx,Apache-2.0,2.0.1,2.0.2,2.1.0,2.1.1,2.1.2,2.1.3,2.1.4,2.1.5,2.1.6,2.1.7,2.1.8,2.1.9,2.1.10,2.1.11,2.1.12,2.1.13,2.1.14,2.1.15,2.1.16,2.1.17,2.1.18,2.1.20,2.1.21,2.2.0,2.2.2,2.2.3,2.2.4,2.2.5,2.2.7,2.2.8,2.2.9,2.2.10,2.2.12,2.2.13,2.2.14,2.2.15,2.2.16,2.2.17,2.2.18,2.2.19,2.2.20,2.2.21,2.2.22,2.2.24,2.2.25,2.2.26,2.2.27,2.2.28,2.3.0,2.3.1,2.3.2,2.3.3,2.3.4,2.3.5,2.3.6,2.3.7,2.3.8,2.3.9,2.3.10,2.3.11,2.3.12,2.3.13,2.3.14,2.3.16,2.3.17,2.3.18,2.3.19,2.3.20,2.3.22,2.3.23,2.3.24,2.3.25,2.4.0,2.4.1,2.4.3,2.4.5,2.4.6,2.4.7,2.4.8,2.4.9,2.4.10,2.5.0,2.5.1,2.5.2
sax,MIT,0.3.2,0.3.3,0.3.4,0.3.5,0.4.0,0.4.1,0.4.2,0.4.3,0.5.0,0.5.1
seamless-immutable,Apache-2.0,0.1.0,0.2.0,0.2.1,0.3.0,0.3.1,0.3.2,0.4.0,0.4.1,0.5.0,1.0.0,1.0.1,1.1.0,1.1.2,1.2.0,1.3.0,2.0.0,2.0.1,2.0.2,2.1.0,2.2.0,2.3.0,2.3.1,2.3.2,2.4.0
semver,MIT,1.0.6,1.0.7,1.0.8,1.0.9,1.0.10,1.0.11,1.0.12,1.0.13,1.0.14,1.1.0,1.1.1,1.1.2,1.1.3,1.1.4
sharp,Apache-2.0,0.0.1,0.0.2,0.0.3,0.0.4,0.0.5,0.0.6,0.0.7,0.0.8,0.0.9,0.1.0,0.1.1,0.1.2,0.1.3,0.1.4,0.1.5,0.1.6,0.1.7,0.1.8,0.2.0,0.3.0,0.4.0,0.4.1,0.4.2,0.5.0,0.5.1,0.5.2,0.6.0,0.6.1,0.6.2,0.7.0,0.7.1,0.7.2,0.8.0,0.8.1,0.8.2,0.8.3,0.8.4,0.9.0,0.9.1,0.9.2,0.9.3,0.10.0
shortid,MIT,1.0.1,1.0.2,1.0.3,1.0.5,1.0.6,1.0.7,1.0.8,1.0.9,2.0.0,2.0.1
slash,MIT,0.1.0,0.1.1
slug,MIT,0.4.1,0.4.2,0.5.0,0.6.0,0.7.0,0.7.1,0.8.0,0.9.0,0.9.1,0.9.2,0.9.3
soap,MIT,0.0.2,0.0.3,0.0.7,0.0.8,0.0.9,0.0.10,0.0.11,0.1.0,0.1.1,0.1.2,0.1.3,0.2.0,0.2.1,0.2.2,0.2.3,0.2.4,0.2.6,0.2.7,0.3.0,0.3.1,0.3.2,0.4.0,0.4.2,0.4.4,0.4.5,0.4.6,0.4.7,0.5.0,0.5.1,0.6.0,0.6.1,0.7.0,0.8.0,0.9.0
socket.io,MIT,0.3.8,0.4.0,0.4.1,0.5.1,0.5.3,0.6.0,0.6.1,0.6.3,0.6.4,0.6.5,0.6.6,0.6.7,0.6.8,0.6.9,0.6.10,0.6.11,0.6.12,0.6.14,0.6.15,0.6.16,0.6.17,0.6.18
source-map-loader,MIT,0.1.0,0.1.1,0.1.2,0.1.3,0.1.4,0.1.5,0.1.6,0.2.0,0.2.1,0.2.2,0.2.3
source-map-support,MIT,0.1.0,0.1.1,0.1.2,0.1.3,0.1.4,0.1.5,0.1.6,0.1.7,0.1.8,0.1.9,0.2.0,0.2.1,0.2.2,0.2.3,0.2.4,0.2.5,0.2.6,0.2.7,0.2.8,0.2.9,0.2.10,0.3.0,0.3.1,0.3.2
ssh2,MIT,0.0.0,0.0.1,0.0.2,0.1.0,0.1.1,0.1.2,0.1.3,0.1.4,0.1.5,0.1.6,0.1.7,0.1.8,0.1.9,0.1.10,0.1.11,0.1.12,0.1.13,0.2.0,0.2.1,0.2.2,0.2.3,0.2.4,0.2.5,0.2.6,0.2.7,0.2.8,0.2.9,0.2.10,0.2.11,0.2.12,0.2.13,0.2.14,0.2.15,0.2.16,0.2.17,0.2.18,0.2.19,0.2.20,0.2.21,0.2.22,0.2.23,0.2.24,0.2.25,0.3.0,0.3.1,0.3.2,0.3.3,0.3.4,0.3.5,0.3.6,0.4.0,0.4.1,0.4.2,0.4.3,0.4.4,0.4.5,0.4.6,0.4.7,0.4.8,0.4.9,0.4.10,0.4.11,0.4.12,0.4.13,0.4.14,0.4.15,0.5.0,0.5.1,0.5.2,0.5.3,0.5.4,0.5.5,0.6.0,0.6.1,0.6.2,0.7.0,0.7.1,0.7.2,0.8.0,0.8.1,0.8.2
string,MIT,0.0.1,1.0.0,1.1.0,1.2.0,1.2.1,1.3.0,1.3.1,1.4.0,1.5.0,1.5.1,1.6.0,1.6.1,1.7.0,1.8.0,1.8.1,1.9.0,1.9.1,2.0.0,2.0.1,2.1.0,2.2.0,3.0.0,3.0.1,3.1.0,3.1.1
stubborn-fs,MIT,1.0.0,1.1.0,1.2.0,1.2.1,1.2.2,1.2.3,1.2.4,1.2.5
svgo,MIT,0.0.1-2,0.0.1-3,0.0.2,0.0.3,0.0.4,0.0.5-1,0.0.5,0.0.6,0.0.7-1,0.0.7,0.0.8,0.0.9-1,0.0.9,0.1.0,0.1.1,0.1.2,0.1.3,0.1.4,0.1.5,0.1.6,0.1.7,0.1.8,0.1.9-1,0.1.9,0.2.0,0.2.1,0.2.2,0.2.3,0.2.4,0.3.0,0.3.1,0.3.2,0.3.3,0.3.4,0.3.5,0.3.6,0.3.7,0.4.0,0.4.1,0.4.2,0.4.3,0.4.4,0.4.5,0.5.0,0.5.1
three,MIT,0.54.0-dev,0.54.0,0.54.1-dev,0.54.2-dev,0.54.3-dev,0.54.4-dev,0.54.5-dev,0.54.6-dev,0.54.7-dev,0.54.8-dev,0.54.9-dev,0.54.10-dev,0.54.11-dev,0.54.12-dev,0.55.0,0.56.0,0.56.1,0.56.2,0.56.3,0.56.4,0.56.7,0.58.1,0.58.2,0.58.3,0.58.4,0.58.5,0.58.6,0.58.7,0.58.8,0.58.9,0.58.10,0.66.0,0.66.1,0.66.2,0.66.6,0.66.7,0.66.8,0.66.9,0.66.10,0.66.11,0.66.12,0.66.13,0.66.14,0.66.15,0.66.16,0.66.17,0.66.18,0.66.19,0.66.20,0.66.21,0.66.22,0.66.23,0.66.24,0.66.25,0.66.26,0.66.27,0.66.28,0.66.29,0.66.30,0.66.31,0.66.32-dev,0.66.35,0.66.36,0.66.37,0.66.38,0.66.39,0.66.40,0.66.41,0.66.42,0.66.43,0.66.45,0.66.46,0.66.47,0.66.48,0.66.49,0.66.50,0.66.51,0.66.52,0.66.53,0.66.54,0.66.55,0.66.56,0.66.57,0.66.58,0.66.59,0.66.60,0.66.61,0.66.62,0.66.63,0.66.64,0.66.65,0.66.66,0.66.67,0.66.68,0.66.69,0.66.70,0.66.71,0.66.72,0.66.73,0.66.74,0.66.75,0.66.76,0.66.77,0.66.78,0.66.79,0.66.80,0.66.81,0.66.82,0.66.83,0.66.84,0.66.85,0.66.86,0.66.87,0.66.88,0.66.89,0.66.90,0.66.91,0.66.92,0.66.93,0.66.94,0.66.95,0.66.96,0.66.97,0.67.0,0.68.0,0.68.86,0.68.87,0.69.0,0.70.0,0.70.1,0.71.0,0.71.1
tmp,GPL-2.0,0.0.2,0.0.3,0.0.4,0.0.5,0.0.6,0.0.7,0.0.8,0.0.9,0.0.10,0.0.11,0.0.12,0.0.13,0.0.14,0.0.15,0.0.16
tmp,MIT,0.0.17,0.0.18,0.0.20,0.0.21,0.0.22,0.0.23,0.0.24,0.0.25,0.0.26
traverse,MIT,0.1.2,0.1.3,0.2.0,0.2.1,0.2.2,0.2.3,0.2.4,0.2.5,0.2.6,0.3.0,0.3.1,0.3.2,0.3.3,0.3.4,0.3.5,0.3.6,0.3.7,0.3.8,0.3.9,0.4.0,0.4.1,0.4.2,0.4.3,0.4.4,0.4.5,0.4.6,0.5.0,0.5.1,0.5.2,0.6.0,0.6.1
trim,MIT,0.0.1
tslib,Apache-2.0,1.0.0,1.1.0,1.2.0,1.3.0,1.4.0,1.5.0,1.6.0
tslint,Apache-2.0,0.1.0,0.1.1,0.1.2,0.1.3,0.1.4,0.1.5,0.1.6,0.2.0,0.2.1,0.2.3,0.2.4,0.2.5,0.2.6,0.2.7,0.2.8,0.2.9,0.2.10,0.3.0,0.3.1,0.3.2,0.3.3,0.4.0,0.4.1,0.4.2,0.4.3,0.4.4,0.4.5,0.4.6,0.4.7,0.4.8,0.4.9,0.4.10,0.4.11,0.4.12,0.4.13,0.4.14,1.0.0,1.0.1,1.2.0,2.0.0,2.0.1,2.1.0,2.1.1,2.2.0-beta,2.3.0-beta,2.3.1-beta
typescript,Apache-2.0,0.8.1-1,0.8.1,0.8.2,0.8.3,0.9.0-1,0.9.0,0.9.1-1,0.9.1,0.9.5,0.9.7,1.0.0,1.0.1,1.1.0-1,1.3.0,1.4.1,1.5.0-alpha,1.5.0-beta,1.5.3
underscore,MIT,1.0.3,1.0.4,1.1.0,1.1.1,1.1.2,1.1.3,1.1.4,1.1.5,1.1.6,1.1.7,1.2.0,1.2.1,1.2.2,1.2.3,1.2.4,1.3.0,1.3.1,1.3.2,1.3.3,1.4.0,1.4.1,1.4.2,1.4.3,1.4.4,1.5.2,1.6.0,1.7.0
underscore.string,MIT,0.9.2,1.0.0,1.1.3,1.1.4,1.1.5,1.1.6,2.0.0,2.1.0,2.1.1,2.2.0-rc,2.2.1,2.3.0,2.3.1,2.3.2,2.3.3,2.4.0,3.0.0,3.0.1,3.0.2,3.0.3
union,MIT,0.1.0,0.1.2,0.1.3,0.1.4,0.1.5,0.1.6,0.1.7,0.1.8,0.2.0,0.2.1,0.3.0,0.3.2,0.3.3,0.3.4,0.3.5,0.3.6,0.3.7,0.3.8,0.4.0,0.4.1,0.4.2,0.4.3,0.4.4,0.4.5,0.4.6,0.5.0,0.6.0
url-loader,MIT,0.1.0,0.1.1,0.1.2,0.1.3,0.5.0,0.5.1,0.5.2,0.5.3,0.5.4,0.5.5
utils-merge,MIT,1.0.0,1.0.1
validate.js,MIT,0.1.0,0.1.1,0.1.2,0.1.3,0.2.0,0.3.0,0.3.1,0.3.2,0.4.0,0.5.0,0.6.0,0.6.1,0.7.0,0.7.1,0.8.0,0.9.0
validator,MIT,0.1.0,0.1.1,0.1.2,0.1.3,0.1.4,0.1.5,0.1.6,0.1.7,0.1.8,0.1.9,0.2.0,0.2.1,0.2.2,0.2.3,0.2.4,0.2.5,0.2.6,0.2.7,0.2.8,0.2.9,0.3.0,0.3.1,0.3.2,0.3.4,0.3.5,0.3.6,0.3.7,0.3.8,0.3.9,0.4.0,0.4.1,0.4.2,0.4.3,0.4.4,0.4.5,0.4.6-1,0.4.6-2,0.4.6-3,0.4.6,0.4.7,0.4.8,0.4.9,0.4.10,0.4.11,0.4.12,0.4.13,0.4.15,0.4.16,0.4.17,0.4.18,0.4.19,0.4.20,0.4.21,0.4.22,0.4.23,0.4.24,0.4.25,0.4.27,0.4.28,0.5.0,1.0.0,1.1.0,1.1.1,1.1.2,1.1.3,1.2.0,1.2.1,1.2.2,1.3.0,1.4.0,1.5.0,1.5.1,2.0.0,2.1.0,3.0.0,3.1.0,3.2.0,3.2.1,3.3.0,3.4.0,3.5.0,3.5.1,3.6.0,3.7.0,3.8.0,3.9.0,3.10.0,3.11.0,3.11.1,3.11.2,3.12.0,3.13.0,3.14.0,3.14.1,3.15.0,3.16.0,3.16.1,3.17.0,3.17.1,3.17.2,3.18.0,3.18.1,3.19.0,3.19.1,3.20.0,3.21.0,3.22.0,3.22.1,3.22.2,3.23.0,3.24.0,3.25.0,3.26.0,3.27.0,3.28.0,3.29.0,3.30.0,3.32.0,3.33.0,3.34.0,3.35.0,3.36.0,3.37.0,3.38.0,3.39.0
vinyl,MIT,0.1.0,0.2.0,0.2.1,0.2.2,0.2.3,0.3.0,0.3.1,0.3.2,0.3.3,0.4.0,0.4.1,0.4.2,0.4.3,0.4.4,0.4.5,0.4.6
vinyl-fs,MIT,0.0.1,0.0.2,0.1.0,0.1.1,0.1.2,0.1.3,0.1.4,0.2.0,0.2.1,0.3.0,0.3.1,0.3.2,0.3.3,0.3.4,0.3.5,0.3.6,0.3.7,0.3.8,0.3.9,0.3.10,0.3.11,0.3.12,0.3.13,0.3.14,1.0.0
virtual-dom,MIT,0.0.1,0.0.2,0.0.3,0.0.4,0.0.5,0.0.6,0.0.7,0.0.8,0.0.9,0.0.10,0.0.11,0.0.12,0.0.13,0.0.14,0.0.15,0.0.16,0.0.19,0.0.20,0.0.21,0.0.22,0.0.23,0.0.24,1.0.0,1.1.0,1.2.0,1.3.0,2.0.0,2.0.1
webpack,MIT,0.1.0,0.1.1,0.1.2,0.1.3,0.1.4,0.1.5,0.1.6,0.2.0,0.2.1,0.2.2,0.2.3,0.2.4,0.2.6,0.2.7,0.2.8,0.3.0,0.3.1,0.3.2,0.3.3,0.3.4,0.3.6,0.3.7,0.3.8,0.3.9,0.3.10,0.3.11,0.3.12,0.3.13,0.3.14,0.3.15,0.3.16,0.3.17,0.3.18,0.3.19,0.3.20,0.4.0,0.4.1,0.4.2,0.4.3,0.4.4,0.4.5,0.4.6,0.4.7,0.4.8,0.4.9,0.4.10,0.4.11,0.4.12,0.4.13,0.4.14,0.4.15,0.4.16,0.4.17,0.4.18,0.4.19,0.4.20,0.4.21,0.4.23,0.4.24,0.4.25,0.5.0,0.5.1,0.5.2,0.5.3,0.5.4,0.5.5,0.5.6,0.5.7,0.5.8,0.5.10,0.6.0,0.6.1,0.6.2,0.7.0-beta,0.7.0-beta2,0.7.0-beta3,0.7.0-beta4,0.7.0-beta5,0.7.0-beta6,0.7.0-beta7,0.7.0-beta8,0.7.0,0.7.1,0.7.2,0.7.3,0.7.4,0.7.5,0.7.6,0.7.7,0.7.8,0.7.9,0.7.11,0.7.12,0.7.13,0.7.14,0.7.15,0.7.16,0.7.17,0.8.0-beta1,0.8.0-beta2,0.8.0-beta3,0.8.0-beta4,0.8.0,0.8.2,0.8.3,0.9.0-beta1,0.9.0-beta10,0.9.0-beta11,0.9.0-beta12,0.9.0-beta13,0.9.0-beta14,0.9.0-beta15,0.9.0-beta16,0.9.0-beta17,0.9.0-beta18,0.9.0-beta19,0.9.0-beta2,0.9.0-beta20,0.9.0-beta21,0.9.0-beta22,0.9.0-beta23,0.9.0-beta24,0.9.0-beta25,0.9.0-beta26,0.9.0-beta27,0.9.0-beta28,0.9.0-beta29,0.9.0-beta30,0.9.0-beta31,0.9.0-beta32,0.9.0-beta33,0.9.0-beta34,0.9.0-beta35,0.9.0-beta36,0.9.0-beta37,0.9.0-beta38,0.9.0-beta4,0.9.0-beta5,0.9.0-beta6,0.9.0-beta7,0.9.0-beta8,0.9.0-beta9,0.9.0,0.9.1,0.9.2,0.9.3,0.10.0-beta10,0.10.0-beta11,0.10.0-beta12,0.10.0-beta13,0.10.0-beta14,0.10.0-beta15,0.10.0-beta16,0.10.0-beta17,0.10.0-beta18,0.10.0-beta19,0.10.0-beta2,0.10.0-beta20,0.10.0-beta21,0.10.0-beta22,0.10.0-beta23,0.10.0-beta24,0.10.0-beta25,0.10.0-beta3,0.10.0-beta5,0.10.0-beta6,0.10.0-beta7,0.10.0-beta8,0.10.0-beta9,0.10.0,0.11.0-beta1,0.11.0-beta10,0.11.0-beta11,0.11.0-beta12,0.11.0-beta13,0.11.0-beta14,0.11.0-beta15,0.11.0-beta16,0.11.0-beta17,0.11.0-beta18,0.11.0-beta19,0.11.0-beta2,0.11.0-beta20,0.11.0-beta21,0.11.0-beta22,0.11.0-beta23,0.11.0-beta24,0.11.0-beta25,0.11.0-beta26,0.11.0-beta27,0.11.0-beta28,0.11.0-beta29,0.11.0-beta3,0.11.0-beta4,0.11.0-beta5,0.11.0-beta6,0.11.0-beta7,0.11.0-beta8,0.11.0-beta9,0.11.0,0.11.1,0.11.2,0.11.3,0.11.4,0.11.5,0.11.6,0.11.7,0.11.8,0.11.9,0.11.10,0.11.11,0.11.12,0.11.13,0.11.14,0.11.15,0.11.16,0.11.17,0.11.18,1.0.0-beta1,1.0.0-beta2,1.0.0-beta3,1.0.0-beta4,1.0.0-beta5,1.0.0-beta6,1.0.0-beta7,1.0.0-beta8,1.0.0-beta9,1.0.0-rc1,1.0.0-rc11,1.0.0-rc12,1.0.0-rc2,1.0.0-rc3,1.0.0-rc4,1.0.0-rc5,1.0.0-rc7,1.0.0-rc8,1.0.0-rc9,1.0.0,1.0.1,1.0.3,1.0.4,1.0.5,1.1.0-beta1,1.1.0-beta10,1.1.0-beta12,1.1.0-beta2,1.1.0-beta3,1.1.0-beta4,1.1.0-beta5,1.1.0-beta6,1.1.0-beta7,1.1.0-beta8,1.1.0-beta9,1.1.0,1.1.1,1.1.2,1.1.3,1.1.4,1.1.5,1.1.6,1.1.7,1.1.8,1.1.9,1.1.10,1.1.11,1.2.0-beta1,1.2.0-beta2,1.2.0-beta4,1.2.0-beta5,1.2.0-beta6,1.3.0-beta1,1.3.0-beta2,1.3.0-beta3,1.3.0-beta4,1.3.0-beta5,1.3.0-beta6,1.3.0-beta7,1.3.0-beta8,1.3.0-beta9,1.3.1-beta1,1.3.1-beta2,1.3.1-beta3,1.3.1-beta4,1.3.1-beta5,1.3.1-beta6,1.3.1-beta7,1.3.1-beta8,1.3.1-beta9,1.3.2-beta1,1.3.2-beta2,1.3.2-beta3,1.3.2-beta4,1.3.2-beta5,1.3.2-beta6,1.3.2-beta7,1.3.2-beta8,1.3.2-beta9,1.3.3-beta1,1.3.3-beta2,1.3.4,1.3.5,1.3.6,1.3.7,1.4.0-beta1,1.4.0-beta10,1.4.0-beta2,1.4.0-beta3,1.4.0-beta4,1.4.0-beta5,1.4.0-beta6,1.4.0-beta7,1.4.0-beta8,1.4.0-beta9,1.4.1-beta1,1.4.2,1.4.3,1.4.4,1.4.5,1.4.6,1.4.7,1.4.8,1.4.9,1.4.10,1.4.11,1.4.12,1.4.13,1.4.14,1.4.15,1.5.0,1.5.1,1.5.2,1.5.3,1.6.0,1.7.0,1.7.1,1.7.2,1.7.3,1.8.0,1.8.1,1.8.2,1.8.3,1.8.4,1.8.5,1.8.6,1.8.7,1.8.8,1.8.9,1.8.10,1.8.11,1.9.0,1.9.1,1.9.2,1.9.3,1.9.4,1.9.5,1.9.6,1.9.7
webpack,MIT,0.1.0,0.1.1,0.1.2,0.1.3,0.1.4,0.1.5,0.1.6,0.2.0,0.2.1,0.2.2,0.2.3,0.2.4,0.2.6,0.2.7,0.2.8,0.3.0,0.3.1,0.3.2,0.3.3,0.3.4,0.3.6,0.3.7,0.3.8,0.3.9,0.3.10,0.3.11,0.3.12,0.3.13,0.3.14,0.3.15,0.3.16,0.3.17,0.3.18,0.3.19,0.3.20,0.4.0,0.4.1,0.4.2,0.4.3,0.4.4,0.4.5,0.4.6,0.4.7,0.4.8,0.4.9,0.4.10,0.4.11,0.4.12,0.4.13,0.4.14,0.4.15,0.4.16,0.4.17,0.4.18,0.4.19,0.4.20,0.4.21,0.4.23,0.4.24,0.4.25,0.5.0,0.5.1,0.5.2,0.5.3,0.5.4,0.5.5,0.5.6,0.5.7,0.5.8,0.5.10,0.6.0,0.6.1,0.6.2,0.7.0-beta,0.7.0-beta2,0.7.0-beta3,0.7.0-beta4,0.7.0-beta5,0.7.0-beta6,0.7.0-beta7,0.7.0-beta8,0.7.0,0.7.1,0.7.2,0.7.3,0.7.4,0.7.5,0.7.6,0.7.7,0.7.8,0.7.9,0.7.11,0.7.12,0.7.13,0.7.14,0.7.15,0.7.16,0.7.17,0.8.0-beta1,0.8.0-beta2,0.8.0-beta3,0.8.0-beta4,0.8.0,0.8.2,0.8.3,0.9.0-beta1,0.9.0-beta2,0.9.0-beta4,0.9.0-beta5,0.9.0-beta6,0.9.0-beta7,0.9.0-beta8,0.9.0-beta9,0.9.0-beta10,0.9.0-beta11,0.9.0-beta12,0.9.0-beta13,0.9.0-beta14,0.9.0-beta15,0.9.0-beta16,0.9.0-beta17,0.9.0-beta18,0.9.0-beta19,0.9.0-beta20,0.9.0-beta21,0.9.0-beta22,0.9.0-beta23,0.9.0-beta24,0.9.0-beta25,0.9.0-beta26,0.9.0-beta27,0.9.0-beta28,0.9.0-beta29,0.9.0-beta30,0.9.0-beta31,0.9.0-beta32,0.9.0-beta33,0.9.0-beta34,0.9.0-beta35,0.9.0-beta36,0.9.0-beta37,0.9.0-beta38,0.9.0,0.9.1,0.9.2,0.9.3,0.10.0-beta2,0.10.0-beta3,0.10.0-beta5,0.10.0-beta6,0.10.0-beta7,0.10.0-beta8,0.10.0-beta9,0.10.0-beta10,0.10.0-beta11,0.10.0-beta12,0.10.0-beta13,0.10.0-beta14,0.10.0-beta15,0.10.0-beta16,0.10.0-beta17,0.10.0-beta18,0.10.0-beta19,0.10.0-beta20,0.10.0-beta21,0.10.0-beta22,0.10.0-beta23,0.10.0-beta24,0.10.0-beta25,0.10.0,0.11.0-beta1,0.11.0-beta2,0.11.0-beta3,0.11.0-beta4,0.11.0-beta5,0.11.0-beta6,0.11.0-beta7,0.11.0-beta8,0.11.0-beta9,0.11.0-beta10,0.11.0-beta11,0.11.0-beta12,0.11.0-beta13,0.11.0-beta14,0.11.0-beta15,0.11.0-beta16,0.11.0-beta17,0.11.0-beta18,0.11.0-beta19,0.11.0-beta20,0.11.0-beta21,0.11.0-beta22,0.11.0-beta23,0.11.0-beta24,0.11.0-beta25,0.11.0-beta26,0.11.0-beta27,0.11.0-beta28,0.11.0-beta29,0.11.0,0.11.1,0.11.2,0.11.3,0.11.4,0.11.5,0.11.6,0.11.7,0.11.8,0.11.9,0.11.10,0.11.11,0.11.12,0.11.13,0.11.14,0.11.15,0.11.16,0.11.17,0.11.18,1.0.0-beta1,1.0.0-beta2,1.0.0-beta3,1.0.0-beta4,1.0.0-beta5,1.0.0-beta6,1.0.0-beta7,1.0.0-beta8,1.0.0-beta9,1.0.0-rc1,1.0.0-rc2,1.0.0-rc3,1.0.0-rc4,1.0.0-rc5,1.0.0-rc7,1.0.0-rc8,1.0.0-rc9,1.0.0-rc11,1.0.0-rc12,1.0.0,1.0.1,1.0.3,1.0.4,1.0.5,1.1.0-beta1,1.1.0-beta2,1.1.0-beta3,1.1.0-beta4,1.1.0-beta5,1.1.0-beta6,1.1.0-beta7,1.1.0-beta8,1.1.0-beta9,1.1.0-beta10,1.1.0-beta12,1.1.0,1.1.1,1.1.2,1.1.3,1.1.4,1.1.5,1.1.6,1.1.7,1.1.8,1.1.9,1.1.10,1.1.11,1.2.0-beta1,1.2.0-beta2,1.2.0-beta4,1.2.0-beta5,1.2.0-beta6,1.3.0-beta1,1.3.0-beta2,1.3.0-beta3,1.3.0-beta4,1.3.0-beta5,1.3.0-beta6,1.3.0-beta7,1.3.0-beta8,1.3.0-beta9,1.3.1-beta1,1.3.1-beta2,1.3.1-beta3,1.3.1-beta4,1.3.1-beta5,1.3.1-beta6,1.3.1-beta7,1.3.1-beta8,1.3.1-beta9,1.3.2-beta1,1.3.2-beta2,1.3.2-beta3,1.3.2-beta4,1.3.2-beta5,1.3.2-beta6,1.3.2-beta7,1.3.2-beta8,1.3.2-beta9,1.3.3-beta1,1.3.3-beta2,1.3.4,1.3.5,1.3.6,1.3.7,1.4.0-beta1,1.4.0-beta2,1.4.0-beta3,1.4.0-beta4,1.4.0-beta5,1.4.0-beta6,1.4.0-beta7,1.4.0-beta8,1.4.0-beta9,1.4.0-beta10,1.4.1-beta1,1.4.2,1.4.3,1.4.4,1.4.5,1.4.6,1.4.7,1.4.8,1.4.9,1.4.10,1.4.11,1.4.12,1.4.13,1.4.14,1.4.15,1.5.0,1.5.1,1.5.2,1.5.3,1.6.0,1.7.0,1.7.1,1.7.2,1.7.3,1.8.0,1.8.1,1.8.2,1.8.3,1.8.4,1.8.5,1.8.6,1.8.7,1.8.8,1.8.9,1.8.10,1.8.11,1.9.0,1.9.1,1.9.2,1.9.3,1.9.4,1.9.5,1.9.6,1.9.7
webpack-dev-middleware,MIT,0.5.0,0.5.1,0.6.0,0.6.1,0.6.2,0.7.0,0.7.1,0.7.2,0.7.3,0.7.4,0.8.0,0.8.1,0.8.2,0.9.0,0.9.1,0.10.0,0.10.1,0.10.2,0.11.0,1.0.0,1.0.1,1.0.2,1.0.3,1.0.4,1.0.5,1.0.6,1.0.7,1.0.8,1.0.9,1.0.10,1.0.11,1.1.0,1.2.0,1.3.0,1.4.0,1.5.0,1.5.1,1.6.0,1.6.1,1.7.0
webpack-dev-server,MIT,0.6.0,0.6.1,0.6.2,0.7.0,0.7.1,0.7.2,0.8.0,0.8.1,0.8.2,0.9.0,0.9.1,0.9.2,0.9.3,0.9.4,0.10.0,0.10.1,0.11.0,0.11.1,1.0.0,1.0.1,1.0.2,1.1.0,1.2.0,1.2.1,1.2.2,1.2.3,1.2.4,1.2.5,1.2.6,1.2.7,1.2.8,1.2.9,1.3.0,1.3.1,1.3.2,1.4.0,1.4.1,1.4.2,1.4.3,1.4.4,1.4.5,1.4.6,1.4.7,1.4.9,1.4.10,1.5.0,1.6.0,1.6.1,1.6.2,1.6.3,1.6.4,1.6.5,1.6.6,1.7.0,1.8.0,1.8.1,1.8.2
whatwg-fetch,MIT,0.5.0,0.6.0,0.6.1,0.7.0,0.8.0,0.8.1,0.8.2,0.9.0,0.10.0,0.10.1,0.11.0,0.11.1
whatwg-fetch,MIT,0.7.0,0.8.0,0.8.1,0.8.2,0.9.0,0.10.0,0.10.1,0.11.0,0.11.1
when,MIT,1.2.0,1.3.0,1.4.0,1.4.1,1.4.2,1.4.3,1.4.4,1.5.0,1.5.1,1.5.2,1.6.0,1.6.1,1.7.0,1.7.1,1.8.0,1.8.1,2.0.0,2.0.1,2.1.0,2.1.1,2.2.0,2.2.1,2.3.0,2.4.0,2.5.0,2.5.1,2.6.0,2.7.0,2.7.1,2.8.0,3.0.0,3.0.1,3.1.0,3.2.0,3.2.1,3.2.2,3.2.3,3.3.0,3.3.1,3.4.0,3.4.1,3.4.2,3.4.3,3.4.4,3.4.5,3.4.6,3.5.0,3.5.1,3.5.2,3.6.0,3.6.1,3.6.2,3.6.3,3.6.4,3.7.0,3.7.1,3.7.2,3.7.3
when-exit,MIT,1.0.0,2.0.0,2.1.0,2.1.1,2.1.2,2.1.3
winston,MIT,0.7.3,0.8.0,0.8.1,0.8.2,0.8.3,0.9.0,1.0.0
wordwrap,MIT,0.0.2
wrench,MIT,0.1.0,0.4.0,0.4.1,0.4.2,0.4.3,0.4.4,0.4.5,0.4.6,0.4.7,0.4.8,1.0.0,1.1.0,1.2.0,1.3.0,1.3.1,1.3.2,1.3.3,1.3.4,1.3.5,1.3.6,1.3.7,1.3.8,1.3.9,1.4.0,1.4.1,1.4.2,1.4.3,1.4.4,1.5.0,1.5.1,1.5.3,1.5.4,1.5.5,1.5.6,1.5.7,1.5.8,1.5.9
xhr,MIT,0.2.0,0.3.0,0.3.1,0.3.2,0.3.3,0.3.4,0.3.5,0.3.6,0.3.7,0.3.8,0.5.1,1.0.0,1.1.1,1.1.2,1.1.3,1.2.1,1.2.2,1.2.3,1.2.4,1.3.1,1.4.1,1.5.0,1.6.0,1.6.1,1.7.0,1.8.0,1.9.0,1.10.0,1.10.1,1.11.0,1.12.0,1.13.0,1.14.0,1.14.1,1.15.0,1.16.0,1.16.1,1.17.0,1.17.1,2.0.0,2.0.1,2.0.2,2.0.3,2.0.4,2.0.5,2.1.0,2.2.0
xml2js,MIT,0.4.0,0.4.1,0.4.2,0.4.3,0.4.4,0.4.5,0.4.6,0.4.7,0.4.8
xmlbuilder,MIT,0.0.1,0.0.2,0.0.3,0.0.4,0.0.5,0.0.6,0.1.0,0.1.1,0.1.2,0.1.3,0.1.4,0.1.5,0.1.6,0.1.7,0.1.8,0.2.0,0.2.1,0.2.2,0.3.0,0.3.1,0.3.2,0.3.3,0.3.4,0.3.5,0.3.6,0.3.7,0.3.8,0.3.9,0.3.10,0.3.11,0.4.0,0.4.1,0.4.2,0.4.3,1.0.0,1.0.1,1.0.2,1.1.0,1.1.1,1.1.2,2.0.0,2.0.1,2.1.0,2.2.1,2.3.0,2.4.0,2.4.1,2.4.2
xmlhttprequest,MIT,1.0.0,1.2.0,1.2.1,1.2.2,1.3.0,1.4.0,1.4.2,1.5.0,1.6.0,1.7.0
xpath,MIT,0.0.1,0.0.2,0.0.4,0.0.5,0.0.6,0.0.7,0.0.8,0.0.9,1.0.0,1.0.1,1.0.2,1.0.3,2.0.1,2.0.2,2.0.3,2.0.4,2.0.5,2.0.6,2.1.1,2.1.2,2.2.0,3.0.0,4.0.0
xtend,MIT,1.0.0,1.0.1,1.0.2,1.0.3,2.0.1,2.0.2,2.0.3,2.0.4,2.0.5,2.0.6,2.1.1,2.1.2,2.2.0,3.0.0,4.0.0
yargs,MIT,1.0.0,1.0.1,1.0.3,1.0.4,1.0.5,1.0.6,1.0.7,1.0.8,1.0.9,1.0.10,1.0.11,1.0.12,1.0.13,1.0.15,1.1.0,1.1.1,1.1.2,1.1.3,1.2.0,1.2.1,1.2.2,1.2.3,1.2.4,1.2.5,1.2.6,1.3.0,1.3.1,1.3.2,1.3.3,2.1.1,2.3.0,3.0.0,3.0.1,3.0.2,3.0.3,3.0.4,3.1.0,3.2.1,3.3.1,3.4.0,3.4.4,3.4.5,3.5.0,3.5.1,3.5.2,3.5.3,3.5.4,3.6.0,3.7.0,3.7.1,3.7.2,3.8.0
zone.js,Apache-2.0,0.2.2,0.2.3,0.2.4,0.3.0,0.4.0,0.4.1,0.4.2,0.4.3,0.4.4,0.5.0,0.5.1,0.5.2,0.5.3,0.5.4,0.5.5,0.5.6,0.5.7,0.5.8
